year,month,record_created,record_modified,user_modified,owner_org,log_date,log_activity
,,,,,fin,2021-04-07,D
2019.0,1.0,2021-04-19T17:15:04,2021-04-19T17:15:04,rc-reg,tf,2022-08-13,D
2019.0,10.0,2021-04-19T17:15:04,2021-04-19T17:15:04,rc-reg,tf,2022-08-13,D
2019.0,11.0,2019-12-02T16:00:39,2019-12-02T16:00:39,marchap,tf,2022-08-13,D
2019.0,12.0,2020-01-21T15:26:21,2020-01-21T15:26:21,marchap,tf,2022-08-13,D
2019.0,2.0,2021-04-19T17:15:04,2021-04-19T17:15:04,rc-reg,tf,2022-08-13,D
2019.0,3.0,2021-04-19T17:15:04,2021-04-19T17:15:04,rc-reg,tf,2022-08-13,D
2019.0,4.0,2021-04-19T17:15:04,2021-04-19T17:15:04,rc-reg,tf,2022-08-13,D
2019.0,5.0,2021-04-19T17:15:04,2021-04-19T17:15:04,rc-reg,tf,2022-08-13,D
2019.0,6.0,2021-04-19T17:15:04,2021-04-19T17:15:04,rc-reg,tf,2022-08-13,D
2019.0,7.0,2021-04-19T17:15:04,2021-04-19T17:15:04,rc-reg,tf,2022-08-13,D
2019.0,8.0,2021-04-19T17:15:04,2021-04-19T17:15:04,rc-reg,tf,2022-08-13,D
2019.0,9.0,2021-04-19T17:15:04,2021-04-19T17:15:04,rc-reg,tf,2022-08-13,D
2020.0,1.0,2020-02-20T17:57:50,2020-02-20T17:57:50,marchap,tf,2022-08-13,D
2020.0,2.0,2020-03-04T16:06:56,2020-03-04T16:06:56,marchap,tf,2022-08-13,D
2020.0,3.0,2020-06-02T11:58:07,2020-06-02T11:58:07,paulnoble,tf,2022-08-13,D
2020.0,4.0,2020-06-02T11:58:07,2020-06-02T11:58:07,paulnoble,tf,2022-08-13,D
2020.0,5.0,2020-06-02T11:58:07,2020-06-02T11:58:07,paulnoble,tf,2022-08-13,D
2020.0,6.0,2020-07-24T15:53:56,2020-07-24T15:53:56,sammitch,tf,2022-08-13,D
2020.0,8.0,2020-09-11T18:01:26,2020-09-11T18:01:26,plittle,tf,2022-08-13,D
2022.0,5.0,2022-08-11T21:45:24,2022-08-11T21:45:24,marchap,tf,2022-08-13,D
,,,,,fin,2021-04-02,D
,,,,,fin,2021-04-08,D
,,,,,fin,2021-04-10,D
,,,,,fin,2021-04-12,D
,,,,,fin,2021-04-13,D
,,,,,fin,2021-04-14,D
,,,,,fin,2021-04-16,D
,,,,,fin,2021-04-17,D
0.0,10.0,,,,mai,2021-04-20,D
0.0,11.0,,,,mai,2021-04-20,D
0.0,12.0,,,,mai,2021-04-20,D
0.0,2.0,,,,mai,2021-04-20,D
0.0,3.0,,,,mai,2021-04-20,D
0.0,4.0,,,,mai,2021-04-20,D
0.0,5.0,,,,mai,2021-04-20,D
0.0,6.0,,,,mai,2021-04-20,D
0.0,7.0,,,,mai,2021-04-20,D
0.0,8.0,,,,mai,2021-04-20,D
0.0,9.0,,,,mai,2021-04-20,D
16.0,7.0,,,,rcmp-grc,2021-04-20,D
17.0,7.0,,,,mgerc-ceegm,2021-04-20,D
18.0,6.0,,,,chrc-ccdp,2021-04-20,D
20.0,10.0,2020-11-19T13:50:07.234542,2020-11-19T13:50:07.234542,paulnoble,sdtc-tddc,2021-04-20,D
2000.0,8.0,2020-10-02T16:08:00.848004,2020-10-02T16:08:00.848004,taylorlb,pspib-oirpsp,2021-04-20,D
2000.0,9.0,2020-10-02T16:04:25.243846,2020-10-02T16:04:25.243846,taylorlb,pspib-oirpsp,2021-04-20,D
2015.0,0.0,,,,cdev,2021-04-20,D
2015.0,0.0,,,,csa-asc,2021-04-20,D
2015.0,0.0,,,,sopf-cidp,2021-04-20,D
2016.0,0.0,,,,catsa-acsta,2021-04-20,D
2016.0,0.0,,,,cdev,2021-04-20,D
2016.0,0.0,,,,sopf-cidp,2021-04-20,D
2017.0,0.0,,,,cdev,2021-04-20,D
2018.0,0.0,,,,cdev,2021-04-20,D
2018.0,0.0,,,,fcac-acfc,2021-04-20,D
2021.0,3.0,2021-04-16T19:48:45.435207,2021-04-16T19:48:45.435207,wedolcy,ri,2021-04-20,D
,,,,,fin,2021-04-20,D
2018.0,8.0,2021-04-19T17:14:42.230682,2021-04-19T17:14:42.230682,rc-reg,nrc-cnrc,2021-05-21,D
2018.0,9.0,2021-04-19T17:14:42.230682,2021-04-19T17:14:42.230682,rc-reg,nrc-cnrc,2021-05-21,D
2019.0,1.0,2021-04-19T17:14:42.230682,2021-04-19T17:14:42.230682,rc-reg,nrc-cnrc,2021-05-21,D
2019.0,2.0,2021-04-19T17:14:42.230682,2021-04-19T17:14:42.230682,rc-reg,nrc-cnrc,2021-05-21,D
2019.0,4.0,2021-04-19T17:14:42.230682,2021-04-19T17:14:42.230682,rc-reg,nrc-cnrc,2021-05-21,D
2018.0,12.0,2021-04-19T17:15:04,2021-04-19T17:15:04,rc-reg,tf,2021-12-18,D
2018.0,2.0,2021-04-19T17:15:04,2021-04-19T17:15:04,rc-reg,tf,2021-12-18,D
2019.0,5.0,2021-04-19T17:14:42,2021-04-19T17:14:42,rc-reg,nrc-cnrc,2021-09-28,D
2014.0,10.0,2021-04-19T17:15:04,2021-04-19T17:15:04,rc-reg,tf,2021-12-18,D
2014.0,11.0,2021-04-19T17:15:04,2021-04-19T17:15:04,rc-reg,tf,2021-12-18,D
2014.0,12.0,2021-04-19T17:15:04,2021-04-19T17:15:04,rc-reg,tf,2021-12-18,D
2014.0,7.0,2021-04-19T17:15:04,2021-04-19T17:15:04,rc-reg,tf,2021-12-18,D
2014.0,8.0,2021-04-19T17:15:04,2021-04-19T17:15:04,rc-reg,tf,2021-12-18,D
2014.0,9.0,2021-04-19T17:15:04,2021-04-19T17:15:04,rc-reg,tf,2021-12-18,D
2015.0,1.0,2021-04-19T17:15:04,2021-04-19T17:15:04,rc-reg,tf,2021-12-18,D
2015.0,11.0,2021-04-19T17:15:04,2021-04-19T17:15:04,rc-reg,tf,2021-12-18,D
2015.0,12.0,2021-04-19T17:15:04,2021-04-19T17:15:04,rc-reg,tf,2021-12-18,D
2015.0,2.0,2021-04-19T17:15:04,2021-04-19T17:15:04,rc-reg,tf,2021-12-18,D
2015.0,3.0,2021-04-19T17:15:04,2021-04-19T17:15:04,rc-reg,tf,2021-12-18,D
2015.0,4.0,2021-04-19T17:15:04,2021-04-19T17:15:04,rc-reg,tf,2021-12-18,D
2015.0,5.0,2021-04-19T17:15:04,2021-04-19T17:15:04,rc-reg,tf,2021-12-18,D
2015.0,7.0,2021-04-19T17:15:04,2021-04-19T17:15:04,rc-reg,tf,2021-12-18,D
2015.0,9.0,2021-04-19T17:15:04,2021-04-19T17:15:04,rc-reg,tf,2021-12-18,D
2016.0,1.0,2021-04-19T17:15:04,2021-04-19T17:15:04,rc-reg,tf,2021-12-18,D
2016.0,10.0,2021-04-19T17:15:04,2021-04-19T17:15:04,rc-reg,tf,2021-12-18,D
2016.0,11.0,2021-04-19T17:15:04,2021-04-19T17:15:04,rc-reg,tf,2021-12-18,D
2016.0,12.0,2021-04-19T17:15:04,2021-04-19T17:15:04,rc-reg,tf,2021-12-18,D
2016.0,2.0,2021-04-19T17:15:04,2021-04-19T17:15:04,rc-reg,tf,2021-12-18,D
2016.0,3.0,2021-04-19T17:15:04,2021-04-19T17:15:04,rc-reg,tf,2021-12-18,D
2016.0,4.0,2021-04-19T17:15:04,2021-04-19T17:15:04,rc-reg,tf,2021-12-18,D
2016.0,5.0,2021-04-19T17:15:04,2021-04-19T17:15:04,rc-reg,tf,2021-12-18,D
2016.0,6.0,2021-04-19T17:15:04,2021-04-19T17:15:04,rc-reg,tf,2021-12-18,D
2016.0,7.0,2021-04-19T17:15:04,2021-04-19T17:15:04,rc-reg,tf,2021-12-18,D
2016.0,8.0,2021-04-19T17:15:04,2021-04-19T17:15:04,rc-reg,tf,2021-12-18,D
2016.0,9.0,2021-04-19T17:15:04,2021-04-19T17:15:04,rc-reg,tf,2021-12-18,D
2017.0,1.0,2021-04-19T17:15:04,2021-04-19T17:15:04,rc-reg,tf,2021-12-18,D
2017.0,10.0,2021-04-19T17:15:04,2021-04-19T17:15:04,rc-reg,tf,2021-12-18,D
2017.0,11.0,2021-04-19T17:15:04,2021-04-19T17:15:04,rc-reg,tf,2021-12-18,D
2017.0,2.0,2021-04-19T17:15:04,2021-04-19T17:15:04,rc-reg,tf,2021-12-18,D
2017.0,3.0,2021-04-19T17:15:04,2021-04-19T17:15:04,rc-reg,tf,2021-12-18,D
2017.0,4.0,2021-04-19T17:15:04,2021-04-19T17:15:04,rc-reg,tf,2021-12-18,D
2017.0,5.0,2021-04-19T17:15:04,2021-04-19T17:15:04,rc-reg,tf,2021-12-18,D
2017.0,6.0,2021-04-19T17:15:04,2021-04-19T17:15:04,rc-reg,tf,2021-12-18,D
2017.0,7.0,2021-04-19T17:15:04,2021-04-19T17:15:04,rc-reg,tf,2021-12-18,D
2017.0,8.0,2021-04-19T17:15:04,2021-04-19T17:15:04,rc-reg,tf,2021-12-18,D
2017.0,9.0,2021-04-19T17:15:04,2021-04-19T17:15:04,rc-reg,tf,2021-12-18,D
2018.0,1.0,2021-04-19T17:15:04,2021-04-19T17:15:04,rc-reg,tf,2021-12-18,D
2018.0,10.0,2021-04-19T17:15:04,2021-04-19T17:15:04,rc-reg,tf,2021-12-18,D
2018.0,11.0,2021-04-19T17:15:04,2021-04-19T17:15:04,rc-reg,tf,2021-12-18,D
2018.0,3.0,2021-04-19T17:15:04,2021-04-19T17:15:04,rc-reg,tf,2021-12-18,D
2018.0,4.0,2021-04-19T17:15:04,2021-04-19T17:15:04,rc-reg,tf,2021-12-18,D
2018.0,5.0,2021-04-19T17:15:04,2021-04-19T17:15:04,rc-reg,tf,2021-12-18,D
2018.0,6.0,2021-04-19T17:15:04,2021-04-19T17:15:04,rc-reg,tf,2021-12-18,D
2018.0,7.0,2021-04-19T17:15:04,2021-04-19T17:15:04,rc-reg,tf,2021-12-18,D
2018.0,8.0,2021-04-19T17:15:04,2021-04-19T17:15:04,rc-reg,tf,2021-12-18,D
2018.0,9.0,2021-04-19T17:15:04,2021-04-19T17:15:04,rc-reg,tf,2021-12-18,D
,,,,,fin,2021-01-05,D
,,,,,fin,2021-01-06,D
,,,,,fin,2021-01-07,D
,,,,,fin,2021-01-09,D
,,,,,fin,2021-01-12,D
,,,,,fin,2021-01-14,D
,,,,,fin,2021-01-15,D
,,,,,fin,2021-01-16,D
,,,,,fin,2021-01-19,D
,,,,,fin,2021-01-20,D
,,,,,fin,2021-01-21,D
,,,,,fin,2021-01-22,D
,,,,,fin,2021-01-26,D
,,,,,fin,2021-01-27,D
,,,,,fin,2021-01-29,D
,,,,,fin,2021-01-30,D
,,,,,fin,2021-02-02,D
,,,,,fin,2021-02-03,D
,,,,,fin,2021-02-04,D
,,,,,fin,2021-02-11,D
,,,,,fin,2021-02-17,D
,,,,,fin,2021-02-19,D
,,,,,fin,2021-02-23,D
,,,,,fin,2021-02-24,D
,,,,,fin,2021-02-25,D
,,,,,fin,2021-02-26,D
,,,,,fin,2021-02-27,D
,,,,,fin,2021-03-02,D
,,,,,fin,2021-03-03,D
,,,,,fin,2021-03-04,D
,,,,,fin,2021-03-05,D
,,,,,fin,2021-03-06,D
,,,,,fin,2021-03-09,D
,,,,,fin,2021-03-10,D
,,,,,fin,2021-03-11,D
,,,,,fin,2021-03-16,D
,,,,,fin,2021-03-17,D
,,,,,fin,2021-03-18,D
,,,,,fin,2021-03-19,D
,,,,,fin,2021-03-20,D
,,,,,fin,2021-03-23,D
2019.0,3.0,,,,edc,2021-03-26,D
2019.0,4.0,,,,edc,2021-03-26,D
2020.0,1.0,2020-02-25T15:12:28.366940,2020-02-25T15:12:28.366940,jhollander,edc,2021-03-26,D
2020.0,4.0,2020-12-01T19:03:15.596599,2020-12-01T19:03:15.596599,jlevasseur86,edc,2021-03-26,D
,,,,,fin,2021-03-26,D
,,,,,fin,2021-03-27,D
,,,,,fin,2021-04-01,D
,,,,,fin,2020-09-02,D
,,,,,fin,2020-09-03,D
,,,,,fin,2020-09-04,D
,,,,,fin,2020-09-09,D
,,,,,fin,2020-09-11,D
,,,,,fin,2020-09-12,D
,,,,,fin,2020-09-15,D
,,,,,fin,2020-09-17,D
,,,,,fin,2020-09-18,D
,,,,,fin,2020-09-19,D
,,,,,fin,2020-09-22,D
,,,,,fin,2020-09-24,D
,,,,,fin,2020-09-26,D
,,,,,fin,2020-09-29,D
,,,,,fin,2020-09-30,D
,,,,,fin,2020-10-01,D
,,,,,fin,2020-10-02,D
,,,,,fin,2020-10-03,D
,,,,,fin,2020-10-06,D
,,,,,fin,2020-10-07,D
,,,,,fin,2020-10-10,D
,,,,,fin,2020-10-14,D
,,,,,fin,2020-10-15,D
,,,,,fin,2020-10-16,D
,,,,,fin,2020-10-23,D
,,,,,fin,2020-10-27,D
,,,,,fin,2020-10-28,D
,,,,,fin,2020-10-29,D
,,,,,fin,2020-11-03,D
,,,,,fin,2020-11-10,D
,,,,,fin,2020-11-17,D
,,,,,fin,2020-11-18,D
,,,,,fin,2020-11-20,D
,,,,,fin,2020-11-24,D
,,,,,fin,2020-11-26,D
,,,,,fin,2020-11-27,D
,,,,,fin,2020-11-28,D
,,,,,fin,2020-12-01,D
,,,,,fin,2020-12-02,D
,,,,,fin,2020-12-03,D
,,,,,fin,2020-12-04,D
,,,,,fin,2020-12-08,D
,,,,,fin,2020-12-09,D
,,,,,fin,2020-12-12,D
,,,,,fin,2020-12-15,D
,,,,,fin,2020-12-16,D
,,,,,fin,2020-12-17,D
,,,,,fin,2020-12-18,D
,,,,,fin,2020-12-19,D
,,,,,fin,2020-12-22,D
,,,,,fin,2020-12-24,D
,,,,,fin,2020-12-25,D
2022.0,9.0,2022-10-12T12:19:47,2022-10-12T12:19:47,stbordeleau,ced-dec,2022-10-14,D
2021.0,12.0,2022-10-18T20:50:22,2022-10-18T20:54:21,cdobson,ceefc-cfuec,2022-10-21,D
2023.0,10.0,2023-11-30T02:04:33,2023-11-30T02:04:33,marchap,tf,2026-03-04,D
2025.0,1.0,2025-02-04T22:19:43,2025-09-15T23:13:27,arolston,nnpa-apn,2025-10-03,D
2024.0,1.0,2024-01-02T14:29:39,2024-01-02T14:29:39,rochlatreille001,fbcl-spfl,2024-01-04,D
2024.0,1.0,2024-01-02T14:33:47,2024-01-02T14:33:47,rochlatreille001,sibc-cpivml,2024-01-05,D
2022.0,12.0,2023-01-31T14:53:07,2023-01-31T14:53:07,bst-tsb,tsb-bst,2024-01-09,D
2023.0,2.0,2023-03-21T14:42:10,2023-03-21T14:42:10,bst-tsb,tsb-bst,2024-01-09,D
2023.0,4.0,2023-07-06T16:53:52,2023-07-06T16:53:52,cmlanthi,tsb-bst,2024-01-09,D
2022.0,11.0,2022-12-16T14:33:40,2022-12-16T14:33:40,marchap,tf,2024-08-08,D
2023.0,8.0,2023-09-28T16:00:25,2023-11-01T20:13:33,ocl-cal,ocl-cal,2023-11-21,D
2023.0,10.0,2023-12-05T15:56:44,2023-12-05T15:56:44,psicproactive123,psic-ispc,2023-12-09,D
2023.0,4.0,2024-03-05T19:10:18,2024-03-28T12:29:20,jmuir2014,clccl-siccl,2024-04-11,D
2024.0,3.0,2024-05-01T06:57:52,2024-05-01T06:57:52,marchap,tf,2026-05-21,D
2020.0,10.0,2022-07-28T18:33:09,2023-03-31T14:00:18,scere024,scc-ccn,2024-05-29,D
2020.0,2.0,2022-07-28T18:33:09,2023-03-31T14:00:18,scere024,scc-ccn,2024-05-29,D
2020.0,3.0,2022-07-28T18:33:09,2023-03-31T14:00:18,scere024,scc-ccn,2024-05-29,D
2020.0,4.0,2022-07-28T18:33:09,2023-03-31T14:00:18,scere024,scc-ccn,2024-05-29,D
2020.0,5.0,2022-07-28T18:33:09,2023-03-31T14:00:18,scere024,scc-ccn,2024-05-29,D
2020.0,7.0,2022-07-28T18:33:09,2023-03-31T14:00:18,scere024,scc-ccn,2024-05-29,D
2020.0,8.0,2022-07-28T18:33:09,2023-03-31T14:00:18,scere024,scc-ccn,2024-05-29,D
2020.0,9.0,2022-07-28T18:33:09,2023-03-31T14:00:18,scere024,scc-ccn,2024-05-29,D
2024.0,4.0,2024-04-29T19:53:38,2024-04-30T12:46:23,scere024,scc-ccn,2024-05-30,D
2022.0,12.0,2023-02-24T20:28:28,2023-02-24T20:28:28,marchap,tf,2024-08-08,D
2024.0,4.0,2024-05-01T06:57:52,2024-05-01T06:57:52,marchap,tf,2026-05-21,D
2022.0,2.0,2022-04-04T15:27:29,2022-04-04T15:27:29,marchap,tf,2024-08-08,D
2022.0,1.0,2022-02-21T14:52:59,2022-02-21T14:52:59,marchap,tf,2024-08-08,D
2022.0,10.0,2022-11-29T22:24:07,2022-11-29T22:24:07,marchap,tf,2024-08-08,D
2022.0,3.0,2022-08-11T21:45:24,2022-08-12T20:38:01,marchap,tf,2024-08-08,D
2022.0,6.0,2022-08-12T20:38:01,2022-08-12T20:38:01,marchap,tf,2024-08-08,D
2022.0,7.0,2022-08-11T21:45:24,2022-08-12T20:38:01,marchap,tf,2024-08-08,D
2022.0,8.0,2022-10-03T18:14:04,2022-10-03T18:14:04,marchap,tf,2024-08-08,D
2022.0,9.0,2022-11-03T22:43:15,2022-11-03T22:43:15,marchap,tf,2024-08-08,D
2024.0,7.0,2024-08-09T14:46:57,2024-08-09T14:46:57,jshunter,csa-asc,2024-08-20,D
2022.0,10.0,2024-08-14T13:16:46,2024-08-14T13:16:46,cdobson,halpa-aphal,2024-11-23,D
2024.0,10.0,2024-10-07T18:59:35,2024-10-07T18:59:35,cta-otc,cta-otc,2024-12-06,D
2024.0,6.0,2024-06-25T14:28:24,2024-06-25T14:28:24,cdobson,nac-cna,2025-01-16,D
2017.0,10.0,2021-04-19T17:14:08,2021-04-19T17:14:08,rc-reg,aandc-aadnc,2025-01-24,D
2017.0,11.0,2021-04-19T17:14:08,2021-04-19T17:14:08,rc-reg,aandc-aadnc,2025-01-24,D
2017.0,12.0,2021-04-19T17:14:08,2021-04-19T17:14:08,rc-reg,aandc-aadnc,2025-01-24,D
2017.0,9.0,2021-04-19T17:14:08,2021-04-19T17:14:08,rc-reg,aandc-aadnc,2025-01-24,D
2018.0,1.0,2021-04-19T17:14:08,2021-04-19T17:14:08,rc-reg,aandc-aadnc,2025-01-24,D
2018.0,2.0,2021-04-19T17:14:08,2021-04-19T17:14:08,rc-reg,aandc-aadnc,2025-01-24,D
2018.0,3.0,2021-04-19T17:14:08,2021-04-19T17:14:08,rc-reg,aandc-aadnc,2025-01-24,D
2018.0,4.0,2021-04-19T17:14:08,2021-04-19T17:14:08,rc-reg,aandc-aadnc,2025-01-24,D
2018.0,5.0,2021-04-19T17:14:08,2021-04-19T17:14:08,rc-reg,aandc-aadnc,2025-01-24,D
2018.0,6.0,2021-04-19T17:14:08,2021-04-19T17:14:08,rc-reg,aandc-aadnc,2025-01-24,D
2018.0,7.0,2021-04-19T17:14:08,2021-04-19T17:14:08,rc-reg,aandc-aadnc,2025-01-24,D
2019.0,11.0,2020-12-17T20:54:07,2020-12-17T20:54:07,russellca,aandc-aadnc,2025-01-24,D
2019.0,12.0,2020-12-17T20:54:07,2020-12-17T20:54:07,russellca,aandc-aadnc,2025-01-24,D
2019.0,2.0,2021-04-19T17:14:08,2021-04-19T17:14:08,rc-reg,aandc-aadnc,2025-01-24,D
2019.0,3.0,2021-04-19T17:14:08,2021-04-19T17:14:08,rc-reg,aandc-aadnc,2025-01-24,D
2019.0,4.0,2021-04-19T17:14:08,2021-04-19T17:14:08,rc-reg,aandc-aadnc,2025-01-24,D
2019.0,5.0,2021-04-19T17:14:08,2021-04-19T17:14:08,rc-reg,aandc-aadnc,2025-01-24,D
2019.0,6.0,2021-04-19T17:14:08,2021-04-19T17:14:08,rc-reg,aandc-aadnc,2025-01-24,D
2019.0,7.0,2021-04-19T17:14:08,2021-04-19T17:14:08,rc-reg,aandc-aadnc,2025-01-24,D
2019.0,8.0,2021-04-19T17:14:08,2021-04-19T17:14:08,rc-reg,aandc-aadnc,2025-01-24,D
2019.0,9.0,2021-04-19T17:14:08,2021-04-19T17:14:08,rc-reg,aandc-aadnc,2025-01-24,D
2020.0,1.0,2020-12-17T20:54:07,2020-12-17T20:54:07,russellca,aandc-aadnc,2025-01-24,D
2020.0,11.0,2021-01-14T15:35:40,2021-01-14T15:35:40,russellca,aandc-aadnc,2025-01-24,D
2020.0,12.0,2021-03-31T16:17:32,2021-03-31T16:17:32,russellca,aandc-aadnc,2025-01-24,D
2020.0,2.0,2020-12-17T20:54:07,2020-12-17T20:54:07,russellca,aandc-aadnc,2025-01-24,D
2020.0,3.0,2021-01-14T15:35:40,2021-01-14T15:35:40,russellca,aandc-aadnc,2025-01-24,D
2020.0,4.0,2021-01-14T15:35:40,2021-01-14T15:35:40,russellca,aandc-aadnc,2025-01-24,D
2020.0,5.0,2021-01-14T15:35:40,2021-01-14T15:35:40,russellca,aandc-aadnc,2025-01-24,D
2020.0,7.0,2021-01-14T15:35:40,2021-01-14T15:35:40,russellca,aandc-aadnc,2025-01-24,D
2020.0,8.0,2021-01-14T15:35:40,2021-01-14T15:35:40,russellca,aandc-aadnc,2025-01-24,D
2020.0,9.0,2021-01-14T15:35:40,2021-01-14T15:35:40,russellca,aandc-aadnc,2025-01-24,D
2021.0,1.0,2021-03-31T16:17:32,2021-03-31T16:17:32,russellca,aandc-aadnc,2025-01-24,D
2023.0,3.0,2023-03-31T13:11:16,2023-03-31T13:11:16,marchap,tf,2025-07-08,D
2023.0,6.0,2023-07-27T05:46:45,2023-07-27T05:46:45,marchap,tf,2025-07-08,D
2023.0,7.0,2023-07-27T05:46:45,2023-07-27T05:46:45,marchap,tf,2025-07-08,D
2025.0,4.0,2025-03-27T16:05:16,2025-03-27T16:05:16,cdobson,tmp,2025-04-23,D
2023.0,1.0,2023-02-24T20:28:28,2023-02-24T20:28:28,marchap,tf,2025-07-08,D
2015.0,5.0,2021-04-19T17:14:12,2021-04-19T17:14:12,rc-reg,catsa-acsta,2025-03-26,D
2015.0,9.0,2021-04-19T17:14:12,2021-04-19T17:14:12,rc-reg,catsa-acsta,2025-03-26,D
2018.0,10.0,2021-04-19T17:14:12,2021-04-19T17:14:12,rc-reg,catsa-acsta,2025-03-26,D
2018.0,3.0,2021-04-19T17:14:12,2021-04-19T17:14:12,rc-reg,catsa-acsta,2025-03-26,D
2018.0,9.0,2021-04-19T17:14:12,2021-04-19T17:14:12,rc-reg,catsa-acsta,2025-03-26,D
2019.0,10.0,2021-04-19T17:14:12,2021-04-19T17:14:12,rc-reg,catsa-acsta,2025-03-26,D
2019.0,11.0,2019-12-04T12:41:33,2019-12-04T12:41:33,lcharbonneau,catsa-acsta,2025-03-26,D
2019.0,2.0,2021-04-19T17:14:12,2021-04-19T17:14:12,rc-reg,catsa-acsta,2025-03-26,D
2019.0,5.0,2021-04-19T17:14:12,2021-04-19T17:14:12,rc-reg,catsa-acsta,2025-03-26,D
2019.0,6.0,2021-04-19T17:14:12,2021-04-19T17:14:12,rc-reg,catsa-acsta,2025-03-26,D
2020.0,10.0,2020-10-01T11:43:09,2020-10-01T11:43:09,lcharbonneau,catsa-acsta,2025-03-26,D
2020.0,3.0,2020-06-03T14:01:38,2020-06-03T14:01:38,lcharbonneau,catsa-acsta,2025-03-26,D
2020.0,4.0,2020-06-03T14:02:10,2020-06-03T14:02:10,lcharbonneau,catsa-acsta,2025-03-26,D
2020.0,5.0,2020-06-03T14:03:04,2020-06-03T14:03:04,lcharbonneau,catsa-acsta,2025-03-26,D
2020.0,6.0,2020-07-16T17:22:31,2020-07-16T17:22:31,lcharbonneau,catsa-acsta,2025-03-26,D
2020.0,7.0,2020-08-20T14:16:15,2020-08-20T14:16:15,lcharbonneau,catsa-acsta,2025-03-26,D
2020.0,8.0,2020-12-08T19:57:46,2020-12-08T19:57:46,lcharbonneau,catsa-acsta,2025-03-26,D
2020.0,9.0,2020-10-01T11:41:23,2020-10-01T11:41:23,lcharbonneau,catsa-acsta,2025-03-26,D
2021.0,1.0,2021-02-24T19:57:57,2021-02-24T19:57:57,lcharbonneau,catsa-acsta,2025-03-26,D
2021.0,12.0,2022-03-21T14:31:59,2022-03-21T14:31:59,lcharbonneau,catsa-acsta,2025-03-26,D
2021.0,2.0,2021-03-18T13:24:32,2021-03-18T13:24:32,lcharbonneau,catsa-acsta,2025-03-26,D
2021.0,3.0,2021-04-19T17:36:01,2021-04-19T17:36:01,lcharbonneau,catsa-acsta,2025-03-26,D
2021.0,5.0,2021-06-10T16:41:44,2021-06-10T16:41:44,lcharbonneau,catsa-acsta,2025-03-26,D
2021.0,6.0,2021-08-18T17:36:56,2021-08-18T17:36:56,lcharbonneau,catsa-acsta,2025-03-26,D
2021.0,7.0,2021-08-18T17:38:18,2021-08-18T17:38:18,lcharbonneau,catsa-acsta,2025-03-26,D
2021.0,9.0,2021-10-19T14:56:04,2021-10-19T14:56:04,lcharbol,catsa-acsta,2025-03-26,D
2022.0,1.0,2022-03-21T14:33:11,2022-03-21T14:33:11,lcharbonneau,catsa-acsta,2025-03-26,D
2022.0,10.0,2022-11-22T15:33:55,2022-11-22T15:33:55,charbol,catsa-acsta,2025-03-26,D
2022.0,12.0,2023-01-12T14:04:05,2023-01-12T14:04:05,luc-9237070,catsa-acsta,2025-03-26,D
2022.0,2.0,2022-03-21T14:36:13,2022-03-21T14:36:13,lcharbonneau,catsa-acsta,2025-03-26,D
2022.0,3.0,2022-04-27T18:05:55,2022-04-27T18:05:55,lcharbonneau,catsa-acsta,2025-03-26,D
2022.0,4.0,2022-06-22T18:52:25,2022-06-22T18:52:25,lcharbonneau,catsa-acsta,2025-03-26,D
2022.0,8.0,2022-10-17T18:22:54,2022-10-17T18:22:54,luc-bloggs,catsa-acsta,2025-03-26,D
2022.0,9.0,2022-10-14T17:52:08,2022-10-14T17:52:08,luc-bloggs,catsa-acsta,2025-03-26,D
2023.0,1.0,2023-02-15T19:08:09,2023-02-15T19:08:09,luc-9237070,catsa-acsta,2025-03-26,D
2023.0,10.0,2023-11-07T15:19:15,2023-11-07T15:19:15,salleyne73,catsa-acsta,2025-03-26,D
2023.0,12.0,2024-01-09T17:13:46,2024-01-09T17:13:46,salleyne73,catsa-acsta,2025-03-26,D
2023.0,2.0,2023-03-08T15:29:41,2023-03-31T15:40:14,luc-9237070,catsa-acsta,2025-03-26,D
2023.0,4.0,2023-05-03T16:55:39,2023-10-17T15:00:16,salleyne73,catsa-acsta,2025-03-26,D
2023.0,6.0,2023-10-17T15:00:16,2023-10-17T15:00:16,salleyne73,catsa-acsta,2025-03-26,D
2023.0,9.0,2023-11-07T15:19:15,2023-11-07T15:19:15,salleyne73,catsa-acsta,2025-03-26,D
2025.0,3.0,2025-03-31T18:41:54,2025-03-31T18:41:54,gjackman,sjpa-apsj,2025-04-10,D
2025.0,1.0,2025-02-03T20:54:35,2025-02-03T20:54:35,cdobson,halpa-aphal,2025-04-12,D
2025.0,4.0,2025-04-01T14:00:07,2025-04-01T14:00:07,rosedcoly2,sshrc-crsh,2025-04-18,D
2025.0,4.0,2025-03-27T16:03:47,2025-03-27T16:03:47,cdobson,cdev,2025-04-23,D
2025.0,4.0,2025-03-27T16:04:00,2025-03-27T16:04:00,cdobson,ceefc-cfuec,2025-04-23,D
2025.0,4.0,2025-03-27T16:04:35,2025-03-27T16:04:35,cdobson,celd,2025-04-23,D
2025.0,4.0,2025-03-27T16:05:40,2025-03-27T16:05:40,cdobson,cgf-fcc,2025-04-23,D
2025.0,4.0,2025-03-27T16:04:49,2025-03-27T16:04:49,cdobson,chhc-sgch,2025-04-23,D
2025.0,4.0,2025-03-27T16:06:06,2025-03-27T16:06:06,cdobson,ciccdev,2025-04-23,D
2023.0,2.0,2023-03-21T12:54:31,2023-03-21T12:54:31,marchap,tf,2025-07-08,D
2025.0,7.0,2025-07-23T19:04:23,2025-07-23T19:04:23,alto-atip,hgr-tgf,2025-07-30,D
2025.0,4.0,2025-05-06T16:38:33,2025-05-06T16:38:33,ovo-bov,ovo-bov,2025-08-19,D
2025.0,1.0,2025-04-30T13:56:35,2025-04-30T13:56:35,zornitsa_g,crrf-fcrr,2025-09-12,D
2018.0,1.0,2021-04-19T17:14:36,2021-04-19T17:14:36,rc-reg,isc-sac,2025-10-31,D
2018.0,11.0,2021-04-19T17:14:36,2021-04-19T17:14:36,rc-reg,isc-sac,2025-10-31,D
2018.0,12.0,2021-04-19T17:14:36,2021-04-19T17:14:36,rc-reg,isc-sac,2025-10-31,D
2018.0,2.0,2021-04-19T17:14:36,2021-04-19T17:14:36,rc-reg,isc-sac,2025-10-31,D
2018.0,3.0,2021-04-19T17:14:36,2021-04-19T17:14:36,rc-reg,isc-sac,2025-10-31,D
2018.0,4.0,2021-04-19T17:14:36,2021-04-19T17:14:36,rc-reg,isc-sac,2025-10-31,D
2018.0,5.0,2021-04-19T17:14:36,2021-04-19T17:14:36,rc-reg,isc-sac,2025-10-31,D
2018.0,6.0,2021-04-19T17:14:36,2021-04-19T17:14:36,rc-reg,isc-sac,2025-10-31,D
2018.0,7.0,2021-04-19T17:14:36,2021-04-19T17:14:36,rc-reg,isc-sac,2025-10-31,D
2019.0,1.0,2021-04-19T17:14:36,2021-04-19T17:14:36,rc-reg,isc-sac,2025-10-31,D
2019.0,11.0,2020-12-21T16:33:44,2020-12-21T16:33:44,russellca,isc-sac,2025-10-31,D
2019.0,12.0,2020-12-21T16:33:44,2020-12-21T16:33:44,russellca,isc-sac,2025-10-31,D
2019.0,2.0,2021-04-19T17:14:36,2021-04-19T17:14:36,rc-reg,isc-sac,2025-10-31,D
2019.0,3.0,2021-04-19T17:14:36,2021-04-19T17:14:36,rc-reg,isc-sac,2025-10-31,D
2019.0,4.0,2021-04-19T17:14:36,2021-04-19T17:14:36,rc-reg,isc-sac,2025-10-31,D
2019.0,5.0,2021-04-19T17:14:36,2021-04-19T17:14:36,rc-reg,isc-sac,2025-10-31,D
2019.0,6.0,2021-04-19T17:14:36,2021-04-19T17:14:36,rc-reg,isc-sac,2025-10-31,D
2019.0,7.0,2021-04-19T17:14:36,2021-04-19T17:14:36,rc-reg,isc-sac,2025-10-31,D
2019.0,8.0,2021-04-19T17:14:36,2021-04-19T17:14:36,rc-reg,isc-sac,2025-10-31,D
2019.0,9.0,2021-04-19T17:14:36,2021-04-19T17:14:36,rc-reg,isc-sac,2025-10-31,D
2020.0,1.0,2020-12-21T16:33:44,2020-12-21T16:33:44,russellca,isc-sac,2025-10-31,D
2020.0,10.0,2021-03-31T16:12:23,2021-03-31T16:12:23,russellca,isc-sac,2025-10-31,D
2020.0,11.0,2021-03-31T16:12:23,2021-03-31T16:12:23,russellca,isc-sac,2025-10-31,D
2020.0,12.0,2021-03-31T16:12:23,2021-03-31T16:12:23,russellca,isc-sac,2025-10-31,D
2020.0,2.0,2020-12-21T16:33:44,2020-12-21T16:33:44,russellca,isc-sac,2025-10-31,D
2020.0,3.0,2020-12-21T16:33:44,2020-12-21T16:33:44,russellca,isc-sac,2025-10-31,D
2020.0,6.0,2021-01-14T15:39:49,2021-01-14T15:39:49,russellca,isc-sac,2025-10-31,D
2020.0,7.0,2021-03-31T16:12:23,2021-03-31T16:12:23,russellca,isc-sac,2025-10-31,D
2020.0,8.0,2021-03-31T16:12:23,2021-03-31T16:12:23,russellca,isc-sac,2025-10-31,D
2021.0,1.0,2021-03-31T16:12:23,2021-03-31T16:12:23,russellca,isc-sac,2025-10-31,D
2026.0,2.0,2026-03-24T14:10:50,2026-03-24T14:10:50,mabelm,cwa-aec,2026-05-20,D
2026.0,3.0,2026-04-15T22:27:26,2026-04-15T22:27:26,mollyh,prpa-appr,2026-05-28,D
2025.0,1.0,2025-02-07T18:55:45,2025-02-07T18:55:45,ovo-bov,ovo-bov,2026-06-09,D
2015.0,1.0,2023-06-27T16:09:22,2026-06-17T18:40:36,aplaiprp2023,lpa-apl,2026-06-26,D
2015.0,10.0,2023-06-27T16:09:22,2026-06-17T18:40:36,aplaiprp2023,lpa-apl,2026-06-26,D
2015.0,11.0,2023-06-27T16:09:22,2026-06-17T18:40:36,aplaiprp2023,lpa-apl,2026-06-26,D
2015.0,12.0,2023-06-27T16:09:22,2026-06-17T18:40:36,aplaiprp2023,lpa-apl,2026-06-26,D
2015.0,2.0,2023-06-27T16:09:22,2026-06-17T18:40:36,aplaiprp2023,lpa-apl,2026-06-26,D
2015.0,3.0,2023-06-27T16:09:22,2026-06-17T18:40:36,aplaiprp2023,lpa-apl,2026-06-26,D
2015.0,4.0,2023-06-27T16:09:22,2026-06-17T18:40:36,aplaiprp2023,lpa-apl,2026-06-26,D
2015.0,5.0,2023-06-27T16:09:22,2026-06-17T18:40:36,aplaiprp2023,lpa-apl,2026-06-26,D
2015.0,6.0,2023-06-27T16:09:22,2026-06-17T18:40:36,aplaiprp2023,lpa-apl,2026-06-26,D
2015.0,7.0,2023-06-27T16:09:22,2026-06-17T18:40:36,aplaiprp2023,lpa-apl,2026-06-26,D
2015.0,9.0,2023-06-27T16:09:22,2026-06-17T18:40:36,aplaiprp2023,lpa-apl,2026-06-26,D
2016.0,1.0,2023-06-27T16:09:22,2026-06-17T18:40:36,aplaiprp2023,lpa-apl,2026-06-26,D
2016.0,10.0,2023-06-27T16:09:22,2026-06-17T18:40:36,aplaiprp2023,lpa-apl,2026-06-26,D
2016.0,11.0,2023-06-27T16:09:22,2026-06-17T18:40:36,aplaiprp2023,lpa-apl,2026-06-26,D
2016.0,12.0,2023-06-27T16:09:22,2026-06-17T18:40:36,aplaiprp2023,lpa-apl,2026-06-26,D
2016.0,2.0,2023-06-27T16:09:22,2026-06-17T18:40:36,aplaiprp2023,lpa-apl,2026-06-26,D
2016.0,3.0,2023-06-27T16:09:22,2026-06-17T18:40:36,aplaiprp2023,lpa-apl,2026-06-26,D
2016.0,4.0,2023-06-27T16:09:22,2026-06-17T18:40:36,aplaiprp2023,lpa-apl,2026-06-26,D
2016.0,5.0,2023-06-27T16:09:22,2026-06-17T18:40:36,aplaiprp2023,lpa-apl,2026-06-26,D
2016.0,6.0,2023-06-27T16:09:22,2026-06-17T18:40:36,aplaiprp2023,lpa-apl,2026-06-26,D
2016.0,7.0,2023-06-27T16:09:22,2026-06-17T18:40:36,aplaiprp2023,lpa-apl,2026-06-26,D
2016.0,8.0,2023-06-27T16:09:22,2026-06-17T18:40:36,aplaiprp2023,lpa-apl,2026-06-26,D
2016.0,9.0,2023-06-27T16:09:22,2026-06-17T18:40:36,aplaiprp2023,lpa-apl,2026-06-26,D
2017.0,1.0,2023-06-27T16:09:22,2026-06-17T18:40:36,aplaiprp2023,lpa-apl,2026-06-26,D
2017.0,10.0,2023-06-27T16:09:22,2026-06-17T18:40:36,aplaiprp2023,lpa-apl,2026-06-26,D
2017.0,11.0,2023-06-27T16:09:22,2026-06-17T18:40:36,aplaiprp2023,lpa-apl,2026-06-26,D
2017.0,12.0,2023-06-27T16:09:22,2026-06-17T18:40:36,aplaiprp2023,lpa-apl,2026-06-26,D
2017.0,3.0,2023-06-27T16:09:22,2026-06-17T18:40:36,aplaiprp2023,lpa-apl,2026-06-26,D
2017.0,4.0,2023-06-27T16:09:22,2026-06-17T18:40:36,aplaiprp2023,lpa-apl,2026-06-26,D
2017.0,5.0,2023-06-27T16:09:22,2026-06-17T18:40:36,aplaiprp2023,lpa-apl,2026-06-26,D
2017.0,6.0,2023-06-27T16:09:22,2026-06-17T18:40:36,aplaiprp2023,lpa-apl,2026-06-26,D
2017.0,7.0,2023-06-27T16:09:22,2026-06-17T18:40:36,aplaiprp2023,lpa-apl,2026-06-26,D
2017.0,8.0,2023-06-27T16:09:22,2026-06-17T18:40:36,aplaiprp2023,lpa-apl,2026-06-26,D
2017.0,9.0,2023-06-27T16:09:22,2026-06-17T18:40:36,aplaiprp2023,lpa-apl,2026-06-26,D
2018.0,1.0,2023-06-27T16:09:22,2026-06-17T18:40:36,aplaiprp2023,lpa-apl,2026-06-26,D
2018.0,10.0,2023-03-22T15:19:18,2026-06-17T18:40:36,aplaiprp2023,lpa-apl,2026-06-26,D
2018.0,11.0,2023-03-22T15:19:18,2023-05-17T17:53:51,aplaiprp2023,lpa-apl,2026-06-26,D
2018.0,12.0,2023-03-22T15:19:18,2026-06-17T18:40:36,aplaiprp2023,lpa-apl,2026-06-26,D
2018.0,2.0,2023-06-27T16:09:22,2026-06-17T18:40:36,aplaiprp2023,lpa-apl,2026-06-26,D
2018.0,3.0,2023-06-27T16:09:22,2026-06-17T18:40:36,aplaiprp2023,lpa-apl,2026-06-26,D
2018.0,4.0,2023-03-22T15:19:18,2026-06-17T18:40:36,aplaiprp2023,lpa-apl,2026-06-26,D
2018.0,5.0,2023-03-22T15:19:18,2026-06-17T18:40:36,aplaiprp2023,lpa-apl,2026-06-26,D
2018.0,6.0,2023-03-22T15:19:18,2026-06-17T18:40:36,aplaiprp2023,lpa-apl,2026-06-26,D
2018.0,7.0,2023-03-22T15:19:18,2026-06-17T18:40:36,aplaiprp2023,lpa-apl,2026-06-26,D
2018.0,8.0,2023-03-22T15:19:18,2026-06-17T18:40:36,aplaiprp2023,lpa-apl,2026-06-26,D
2018.0,9.0,2023-03-22T15:19:18,2026-06-17T18:40:36,aplaiprp2023,lpa-apl,2026-06-26,D
2019.0,1.0,2023-03-22T15:19:18,2026-06-17T18:40:36,aplaiprp2023,lpa-apl,2026-06-26,D
2019.0,10.0,2023-03-22T15:19:18,2026-06-17T18:40:36,aplaiprp2023,lpa-apl,2026-06-26,D
2019.0,11.0,2023-03-22T15:19:18,2026-06-17T18:40:36,aplaiprp2023,lpa-apl,2026-06-26,D
2019.0,12.0,2023-03-22T15:19:18,2026-06-17T18:40:36,aplaiprp2023,lpa-apl,2026-06-26,D
2019.0,2.0,2023-03-22T15:19:18,2026-06-17T18:40:36,aplaiprp2023,lpa-apl,2026-06-26,D
2019.0,3.0,2023-03-22T15:19:18,2026-06-17T18:40:36,aplaiprp2023,lpa-apl,2026-06-26,D
2019.0,4.0,2023-03-22T15:19:18,2026-06-17T18:40:36,aplaiprp2023,lpa-apl,2026-06-26,D
2019.0,5.0,2023-03-22T15:19:18,2026-06-17T18:40:36,aplaiprp2023,lpa-apl,2026-06-26,D
2019.0,6.0,2023-03-22T15:19:18,2026-06-17T18:40:36,aplaiprp2023,lpa-apl,2026-06-26,D
2019.0,7.0,2023-03-22T15:19:18,2026-06-17T18:40:36,aplaiprp2023,lpa-apl,2026-06-26,D
2019.0,8.0,2023-03-22T15:19:18,2026-06-17T18:40:36,aplaiprp2023,lpa-apl,2026-06-26,D
2019.0,9.0,2023-03-22T15:19:18,2026-06-17T18:40:36,aplaiprp2023,lpa-apl,2026-06-26,D
2020.0,1.0,2023-03-22T15:19:18,2026-06-17T18:40:36,aplaiprp2023,lpa-apl,2026-06-26,D
2020.0,11.0,2023-03-22T15:19:18,2026-06-17T18:40:36,aplaiprp2023,lpa-apl,2026-06-26,D
2020.0,12.0,2023-03-22T15:19:18,2026-06-17T18:40:36,aplaiprp2023,lpa-apl,2026-06-26,D
2020.0,2.0,2023-03-22T15:19:18,2026-06-17T18:40:36,aplaiprp2023,lpa-apl,2026-06-26,D
2020.0,3.0,2023-03-22T15:19:18,2026-06-17T18:40:36,aplaiprp2023,lpa-apl,2026-06-26,D
2020.0,4.0,2023-03-22T15:19:18,2026-06-17T18:40:36,aplaiprp2023,lpa-apl,2026-06-26,D
2020.0,5.0,2023-03-22T15:19:18,2026-06-17T18:40:36,aplaiprp2023,lpa-apl,2026-06-26,D
2020.0,6.0,2023-03-22T15:19:18,2026-06-17T18:40:36,aplaiprp2023,lpa-apl,2026-06-26,D
2020.0,7.0,2023-03-22T15:19:18,2026-06-17T18:40:36,aplaiprp2023,lpa-apl,2026-06-26,D
2020.0,9.0,2023-03-22T15:19:18,2026-06-17T18:40:36,aplaiprp2023,lpa-apl,2026-06-26,D
2021.0,1.0,2023-03-22T15:19:18,2026-06-17T18:40:36,aplaiprp2023,lpa-apl,2026-06-26,D
2021.0,10.0,2023-03-22T15:19:18,2026-06-17T18:40:36,aplaiprp2023,lpa-apl,2026-06-26,D
2021.0,11.0,2023-03-22T15:19:18,2026-06-17T18:40:36,aplaiprp2023,lpa-apl,2026-06-26,D
2021.0,12.0,2023-03-22T15:19:18,2026-06-17T18:40:36,aplaiprp2023,lpa-apl,2026-06-26,D
2021.0,2.0,2023-03-22T15:19:18,2026-06-17T18:40:36,aplaiprp2023,lpa-apl,2026-06-26,D
2021.0,3.0,2023-03-22T15:19:18,2026-06-17T18:40:36,aplaiprp2023,lpa-apl,2026-06-26,D
2021.0,4.0,2023-03-22T15:19:18,2026-06-17T18:40:36,aplaiprp2023,lpa-apl,2026-06-26,D
2021.0,5.0,2023-03-22T15:19:18,2026-06-17T18:40:36,aplaiprp2023,lpa-apl,2026-06-26,D
2021.0,6.0,2023-03-22T15:19:18,2026-06-17T18:40:36,aplaiprp2023,lpa-apl,2026-06-26,D
2021.0,7.0,2023-03-22T15:19:18,2026-06-17T18:40:36,aplaiprp2023,lpa-apl,2026-06-26,D
2021.0,8.0,2023-03-22T15:19:18,2026-06-17T18:40:36,aplaiprp2023,lpa-apl,2026-06-26,D
2021.0,9.0,2023-03-22T15:19:18,2026-06-17T18:40:36,aplaiprp2023,lpa-apl,2026-06-26,D
2022.0,1.0,2023-03-22T15:19:18,2026-06-17T18:40:36,aplaiprp2023,lpa-apl,2026-06-26,D
2022.0,10.0,2023-03-22T15:19:18,2026-06-17T18:40:36,aplaiprp2023,lpa-apl,2026-06-26,D
2022.0,11.0,2023-03-22T15:19:18,2026-06-17T18:40:36,aplaiprp2023,lpa-apl,2026-06-26,D
2022.0,12.0,2023-03-22T15:19:18,2026-06-17T18:40:36,aplaiprp2023,lpa-apl,2026-06-26,D
2022.0,2.0,2023-03-22T15:19:18,2026-06-17T18:40:36,aplaiprp2023,lpa-apl,2026-06-26,D
2022.0,4.0,2023-03-22T15:19:18,2026-06-17T18:40:36,aplaiprp2023,lpa-apl,2026-06-26,D
2022.0,5.0,2023-03-22T15:19:18,2026-06-17T18:40:36,aplaiprp2023,lpa-apl,2026-06-26,D
2022.0,6.0,2023-03-22T15:19:18,2026-06-17T18:40:36,aplaiprp2023,lpa-apl,2026-06-26,D
2022.0,7.0,2023-03-22T15:19:18,2026-06-17T18:40:36,aplaiprp2023,lpa-apl,2026-06-26,D
2022.0,8.0,2023-03-22T15:19:18,2026-06-17T18:40:36,aplaiprp2023,lpa-apl,2026-06-26,D
2022.0,9.0,2023-03-22T15:19:18,2026-06-17T18:40:36,aplaiprp2023,lpa-apl,2026-06-26,D
2023.0,1.0,2023-03-22T15:19:18,2026-06-17T18:40:36,aplaiprp2023,lpa-apl,2026-06-26,D
2023.0,10.0,2023-11-15T19:46:30,2026-06-17T18:40:36,aplaiprp2023,lpa-apl,2026-06-26,D
2023.0,11.0,2024-01-16T19:24:13,2026-06-17T18:40:36,aplaiprp2023,lpa-apl,2026-06-26,D
2023.0,2.0,2023-03-22T15:19:18,2026-06-17T18:40:36,aplaiprp2023,lpa-apl,2026-06-26,D
2023.0,3.0,2023-03-22T15:19:18,2026-06-17T18:40:36,aplaiprp2023,lpa-apl,2026-06-26,D
2023.0,4.0,2023-05-17T17:53:51,2026-06-17T18:40:36,aplaiprp2023,lpa-apl,2026-06-26,D
2023.0,5.0,2023-06-27T16:09:22,2026-06-17T18:40:36,aplaiprp2023,lpa-apl,2026-06-26,D
2023.0,6.0,2023-06-27T16:09:22,2026-06-17T18:40:36,aplaiprp2023,lpa-apl,2026-06-26,D
2023.0,7.0,2023-10-11T13:52:48,2026-06-17T18:40:36,aplaiprp2023,lpa-apl,2026-06-26,D
2023.0,8.0,2023-10-11T13:52:48,2026-06-17T18:40:36,aplaiprp2023,lpa-apl,2026-06-26,D
2023.0,9.0,2023-10-11T13:52:48,2026-06-17T18:40:36,aplaiprp2023,lpa-apl,2026-06-26,D
2024.0,1.0,2024-02-20T16:26:12,2026-06-17T18:40:36,aplaiprp2023,lpa-apl,2026-06-26,D
2024.0,11.0,2024-11-13T19:32:37,2026-06-17T18:40:36,aplaiprp2023,lpa-apl,2026-06-26,D
2024.0,12.0,2025-01-08T19:44:58,2026-06-17T18:40:36,aplaiprp2023,lpa-apl,2026-06-26,D
2024.0,2.0,2024-03-13T14:05:56,2026-06-17T18:40:36,aplaiprp2023,lpa-apl,2026-06-26,D
2024.0,3.0,2024-04-17T15:00:52,2026-06-17T18:40:36,aplaiprp2023,lpa-apl,2026-06-26,D
2024.0,4.0,2024-05-07T18:54:27,2026-06-17T18:40:36,aplaiprp2023,lpa-apl,2026-06-26,D
2024.0,5.0,2024-06-13T14:50:02,2026-06-17T18:40:36,aplaiprp2023,lpa-apl,2026-06-26,D
2024.0,6.0,2024-07-16T12:14:49,2026-06-17T18:40:36,aplaiprp2023,lpa-apl,2026-06-26,D
2024.0,7.0,2024-09-17T16:20:40,2026-06-17T18:40:36,aplaiprp2023,lpa-apl,2026-06-26,D
2024.0,8.0,2024-09-11T18:08:09,2026-06-17T18:40:36,aplaiprp2023,lpa-apl,2026-06-26,D
2024.0,9.0,2024-09-17T16:20:40,2026-06-17T18:40:36,aplaiprp2023,lpa-apl,2026-06-26,D
2025.0,1.0,2025-02-12T15:17:47,2026-06-17T18:40:36,aplaiprp2023,lpa-apl,2026-06-26,D
2025.0,10.0,2025-11-13T19:45:15,2026-06-17T18:40:36,aplaiprp2023,lpa-apl,2026-06-26,D
2025.0,11.0,2025-12-09T17:18:29,2026-06-17T18:40:36,aplaiprp2023,lpa-apl,2026-06-26,D
2025.0,12.0,2026-01-14T14:10:07,2026-06-17T18:40:36,aplaiprp2023,lpa-apl,2026-06-26,D
2025.0,3.0,2025-04-17T18:04:02,2026-06-17T18:40:36,aplaiprp2023,lpa-apl,2026-06-26,D
2025.0,4.0,2025-05-15T18:42:39,2026-06-17T18:40:36,aplaiprp2023,lpa-apl,2026-06-26,D
2025.0,5.0,2025-06-17T18:43:48,2026-06-17T18:40:36,aplaiprp2023,lpa-apl,2026-06-26,D
2025.0,6.0,2025-07-09T13:04:45,2026-06-17T18:40:36,aplaiprp2023,lpa-apl,2026-06-26,D
2025.0,7.0,2025-09-09T14:33:50,2026-06-17T18:40:36,aplaiprp2023,lpa-apl,2026-06-26,D
2025.0,8.0,2025-09-09T14:33:50,2026-06-17T18:40:36,aplaiprp2023,lpa-apl,2026-06-26,D
2025.0,9.0,2025-10-03T11:34:01,2026-06-17T18:40:36,aplaiprp2023,lpa-apl,2026-06-26,D
2026.0,1.0,2026-02-11T14:50:49,2026-06-17T18:40:36,aplaiprp2023,lpa-apl,2026-06-26,D
2026.0,2.0,2026-03-11T13:10:12,2026-06-17T18:40:36,aplaiprp2023,lpa-apl,2026-06-26,D
2026.0,3.0,2026-04-08T18:02:10,2026-06-17T18:40:36,aplaiprp2023,lpa-apl,2026-06-26,D
2026.0,4.0,2026-05-20T15:49:36,2026-06-17T18:40:36,aplaiprp2023,lpa-apl,2026-06-26,D
2026.0,5.0,2026-06-17T18:40:36,2026-06-17T18:40:36,aplaiprp2023,lpa-apl,2026-06-26,D
