year,quarter,record_created,record_modified,user_modified,owner_org,log_date,log_activity
,Q2,,,,fja-cmf,2022-07-05,D
,Q4,2020-05-29 01:21:17.750217,2020-05-29 01:21:17.750217,nelson55,fja-cmf,2022-07-05,D
,Q2,,,,ocol-clo,2022-07-05,D
2019.0,,2020-06-05 17:10:48.295135,2020-06-05 17:10:48.295135,michelle_bergeron,osgg-bsgg,2022-07-05,D
2020.0,,2020-06-05 17:10:48.295135,2020-06-05 17:10:48.295135,michelle_bergeron,osgg-bsgg,2022-07-05,D
,Q2,,,,fja-cmf,2022-07-06,D
,Q4,2020-05-29 01:21:17.750217,2020-05-29 01:21:17.750217,nelson55,fja-cmf,2022-07-06,D
,Q2,,,,ocol-clo,2022-07-06,D
2019.0,,2020-06-05 17:10:48.295135,2020-06-05 17:10:48.295135,michelle_bergeron,osgg-bsgg,2022-07-06,D
2020.0,,2020-06-05 17:10:48.295135,2020-06-05 17:10:48.295135,michelle_bergeron,osgg-bsgg,2022-07-06,D
,Q2,,,,fja-cmf,2022-07-07,D
,Q4,2020-05-29 01:21:17.750217,2020-05-29 01:21:17.750217,nelson55,fja-cmf,2022-07-07,D
,Q2,,,,ocol-clo,2022-07-07,D
2019.0,,2020-06-05 17:10:48.295135,2020-06-05 17:10:48.295135,michelle_bergeron,osgg-bsgg,2022-07-07,D
2020.0,,2020-06-05 17:10:48.295135,2020-06-05 17:10:48.295135,michelle_bergeron,osgg-bsgg,2022-07-07,D
,Q2,,,,fja-cmf,2022-07-08,D
,Q4,2020-05-29 01:21:17.750217,2020-05-29 01:21:17.750217,nelson55,fja-cmf,2022-07-08,D
,Q2,,,,ocol-clo,2022-07-08,D
2019.0,,2020-06-05 17:10:48.295135,2020-06-05 17:10:48.295135,michelle_bergeron,osgg-bsgg,2022-07-08,D
2020.0,,2020-06-05 17:10:48.295135,2020-06-05 17:10:48.295135,michelle_bergeron,osgg-bsgg,2022-07-08,D
,Q2,,,,fja-cmf,2022-07-19,D
,Q4,2020-05-29 01:21:17.750217,2020-05-29 01:21:17.750217,nelson55,fja-cmf,2022-07-19,D
,Q2,,,,ocol-clo,2022-07-19,D
2019.0,,2020-06-05 17:10:48.295135,2020-06-05 17:10:48.295135,michelle_bergeron,osgg-bsgg,2022-07-19,D
2020.0,,2020-06-05 17:10:48.295135,2020-06-05 17:10:48.295135,michelle_bergeron,osgg-bsgg,2022-07-19,D
,Q2,,,,fja-cmf,2022-07-24,D
,Q4,2020-05-29 01:21:17.750217,2020-05-29 01:21:17.750217,nelson55,fja-cmf,2022-07-24,D
,Q2,,,,ocol-clo,2022-07-24,D
2019.0,,2020-06-05 17:10:48.295135,2020-06-05 17:10:48.295135,michelle_bergeron,osgg-bsgg,2022-07-24,D
2020.0,,2020-06-05 17:10:48.295135,2020-06-05 17:10:48.295135,michelle_bergeron,osgg-bsgg,2022-07-24,D
,Q2,,,,fja-cmf,2022-07-26,D
,Q4,2020-05-29 01:21:17.750217,2020-05-29 01:21:17.750217,nelson55,fja-cmf,2022-07-26,D
,Q2,,,,ocol-clo,2022-07-26,D
2019.0,,2020-06-05 17:10:48.295135,2020-06-05 17:10:48.295135,michelle_bergeron,osgg-bsgg,2022-07-26,D
2020.0,,2020-06-05 17:10:48.295135,2020-06-05 17:10:48.295135,michelle_bergeron,osgg-bsgg,2022-07-26,D
,Q2,,,,fja-cmf,2022-07-27,D
,Q4,2020-05-29 01:21:17.750217,2020-05-29 01:21:17.750217,nelson55,fja-cmf,2022-07-27,D
,Q2,,,,ocol-clo,2022-07-27,D
2019.0,,2020-06-05 17:10:48.295135,2020-06-05 17:10:48.295135,michelle_bergeron,osgg-bsgg,2022-07-27,D
2020.0,,2020-06-05 17:10:48.295135,2020-06-05 17:10:48.295135,michelle_bergeron,osgg-bsgg,2022-07-27,D
,Q2,,,,fja-cmf,2022-07-28,D
,Q4,2020-05-29 01:21:17.750217,2020-05-29 01:21:17.750217,nelson55,fja-cmf,2022-07-28,D
,Q2,,,,ocol-clo,2022-07-28,D
2019.0,,2020-06-05 17:10:48.295135,2020-06-05 17:10:48.295135,michelle_bergeron,osgg-bsgg,2022-07-28,D
2020.0,,2020-06-05 17:10:48.295135,2020-06-05 17:10:48.295135,michelle_bergeron,osgg-bsgg,2022-07-28,D
2021.0,Q2,2022-01-31 19:03:21.599798,2022-01-31 19:03:21.599798,jeremie-26,csps-efpc,2022-07-29,D
,Q2,,,,fja-cmf,2022-07-29,D
,Q4,2020-05-29 01:21:17.750217,2020-05-29 01:21:17.750217,nelson55,fja-cmf,2022-07-29,D
,Q2,,,,ocol-clo,2022-07-29,D
2019.0,,2020-06-05 17:10:48.295135,2020-06-05 17:10:48.295135,michelle_bergeron,osgg-bsgg,2022-07-29,D
2020.0,,2020-06-05 17:10:48.295135,2020-06-05 17:10:48.295135,michelle_bergeron,osgg-bsgg,2022-07-29,D
,Q2,,,,fja-cmf,2022-07-30,D
,Q4,2020-05-29 01:21:17.750217,2020-05-29 01:21:17.750217,nelson55,fja-cmf,2022-07-30,D
,Q2,,,,ocol-clo,2022-07-30,D
2019.0,,2020-06-05 17:10:48.295135,2020-06-05 17:10:48.295135,michelle_bergeron,osgg-bsgg,2022-07-30,D
2020.0,,2020-06-05 17:10:48.295135,2020-06-05 17:10:48.295135,michelle_bergeron,osgg-bsgg,2022-07-30,D
,Q2,,,,fja-cmf,2022-08-01,D
,Q4,2020-05-29 01:21:17.750217,2020-05-29 01:21:17.750217,nelson55,fja-cmf,2022-08-01,D
,Q2,,,,ocol-clo,2022-08-01,D
2019.0,,2020-06-05 17:10:48.295135,2020-06-05 17:10:48.295135,michelle_bergeron,osgg-bsgg,2022-08-01,D
2020.0,,2020-06-05 17:10:48.295135,2020-06-05 17:10:48.295135,michelle_bergeron,osgg-bsgg,2022-08-01,D
2022.0,Q4,2022-06-27 17:20:56.398493,2022-06-27 17:20:56.398493,mpcc-cppm,mpcc-cppm,2022-08-02,D
,Q2,,,,fja-cmf,2022-08-02,D
,Q4,2020-05-29 01:21:17.750217,2020-05-29 01:21:17.750217,nelson55,fja-cmf,2022-08-02,D
,Q2,,,,ocol-clo,2022-08-02,D
2019.0,,2020-06-05 17:10:48.295135,2020-06-05 17:10:48.295135,michelle_bergeron,osgg-bsgg,2022-08-02,D
2020.0,,2020-06-05 17:10:48.295135,2020-06-05 17:10:48.295135,michelle_bergeron,osgg-bsgg,2022-08-02,D
,Q2,,,,fja-cmf,2022-08-03,D
,Q4,2020-05-29 01:21:17.750217,2020-05-29 01:21:17.750217,nelson55,fja-cmf,2022-08-03,D
,Q2,,,,ocol-clo,2022-08-03,D
2019.0,,2020-06-05 17:10:48.295135,2020-06-05 17:10:48.295135,michelle_bergeron,osgg-bsgg,2022-08-03,D
2020.0,,2020-06-05 17:10:48.295135,2020-06-05 17:10:48.295135,michelle_bergeron,osgg-bsgg,2022-08-03,D
,Q2,,,,fja-cmf,2022-04-28,D
,Q2,,,,fja-cmf,2022-08-10,D
,Q4,2020-05-29 01:21:17.750217,2020-05-29 01:21:17.750217,nelson55,fja-cmf,2022-08-10,D
,Q2,,,,ocol-clo,2022-08-10,D
2019.0,,2020-06-05 17:10:48.295135,2020-06-05 17:10:48.295135,michelle_bergeron,osgg-bsgg,2022-08-10,D
2020.0,,2020-06-05 17:10:48.295135,2020-06-05 17:10:48.295135,michelle_bergeron,osgg-bsgg,2022-08-10,D
,Q2,,,,fja-cmf,2022-01-05,D
,Q4,2020-05-29 01:21:17.750217,2020-05-29 01:21:17.750217,nelson55,fja-cmf,2022-01-05,D
,Q2,,,,ocol-clo,2022-01-05,D
2019.0,,2020-06-05 17:10:48.295135,2020-06-05 17:10:48.295135,michelle_bergeron,osgg-bsgg,2022-01-05,D
2020.0,,2020-06-05 17:10:48.295135,2020-06-05 17:10:48.295135,michelle_bergeron,osgg-bsgg,2022-01-05,D
,Q2,,,,fja-cmf,2022-01-06,D
,Q4,2020-05-29 01:21:17.750217,2020-05-29 01:21:17.750217,nelson55,fja-cmf,2022-01-06,D
,Q2,,,,ocol-clo,2022-01-06,D
2019.0,,2020-06-05 17:10:48.295135,2020-06-05 17:10:48.295135,michelle_bergeron,osgg-bsgg,2022-01-06,D
2020.0,,2020-06-05 17:10:48.295135,2020-06-05 17:10:48.295135,michelle_bergeron,osgg-bsgg,2022-01-06,D
,Q2,,,,fja-cmf,2022-01-07,D
,Q4,2020-05-29 01:21:17.750217,2020-05-29 01:21:17.750217,nelson55,fja-cmf,2022-01-07,D
,Q2,,,,ocol-clo,2022-01-07,D
2019.0,,2020-06-05 17:10:48.295135,2020-06-05 17:10:48.295135,michelle_bergeron,osgg-bsgg,2022-01-07,D
2020.0,,2020-06-05 17:10:48.295135,2020-06-05 17:10:48.295135,michelle_bergeron,osgg-bsgg,2022-01-07,D
,Q2,,,,fja-cmf,2022-01-08,D
,Q4,2020-05-29 01:21:17.750217,2020-05-29 01:21:17.750217,nelson55,fja-cmf,2022-01-08,D
,Q2,,,,ocol-clo,2022-01-08,D
2019.0,,2020-06-05 17:10:48.295135,2020-06-05 17:10:48.295135,michelle_bergeron,osgg-bsgg,2022-01-08,D
2020.0,,2020-06-05 17:10:48.295135,2020-06-05 17:10:48.295135,michelle_bergeron,osgg-bsgg,2022-01-08,D
,Q2,,,,fja-cmf,2022-01-12,D
,Q4,2020-05-29 01:21:17.750217,2020-05-29 01:21:17.750217,nelson55,fja-cmf,2022-01-12,D
,Q2,,,,ocol-clo,2022-01-12,D
2019.0,,2020-06-05 17:10:48.295135,2020-06-05 17:10:48.295135,michelle_bergeron,osgg-bsgg,2022-01-12,D
2020.0,,2020-06-05 17:10:48.295135,2020-06-05 17:10:48.295135,michelle_bergeron,osgg-bsgg,2022-01-12,D
,Q2,,,,fja-cmf,2022-01-15,D
,Q4,2020-05-29 01:21:17.750217,2020-05-29 01:21:17.750217,nelson55,fja-cmf,2022-01-15,D
,Q2,,,,ocol-clo,2022-01-15,D
2019.0,,2020-06-05 17:10:48.295135,2020-06-05 17:10:48.295135,michelle_bergeron,osgg-bsgg,2022-01-15,D
2020.0,,2020-06-05 17:10:48.295135,2020-06-05 17:10:48.295135,michelle_bergeron,osgg-bsgg,2022-01-15,D
,Q2,,,,fja-cmf,2022-01-20,D
,Q4,2020-05-29 01:21:17.750217,2020-05-29 01:21:17.750217,nelson55,fja-cmf,2022-01-20,D
,Q2,,,,ocol-clo,2022-01-20,D
2019.0,,2020-06-05 17:10:48.295135,2020-06-05 17:10:48.295135,michelle_bergeron,osgg-bsgg,2022-01-20,D
2020.0,,2020-06-05 17:10:48.295135,2020-06-05 17:10:48.295135,michelle_bergeron,osgg-bsgg,2022-01-20,D
,Q2,,,,fja-cmf,2022-01-22,D
,Q4,2020-05-29 01:21:17.750217,2020-05-29 01:21:17.750217,nelson55,fja-cmf,2022-01-22,D
,Q2,,,,ocol-clo,2022-01-22,D
2019.0,,2020-06-05 17:10:48.295135,2020-06-05 17:10:48.295135,michelle_bergeron,osgg-bsgg,2022-01-22,D
2020.0,,2020-06-05 17:10:48.295135,2020-06-05 17:10:48.295135,michelle_bergeron,osgg-bsgg,2022-01-22,D
,Q2,,,,fja-cmf,2022-01-25,D
,Q4,2020-05-29 01:21:17.750217,2020-05-29 01:21:17.750217,nelson55,fja-cmf,2022-01-25,D
,Q2,,,,ocol-clo,2022-01-25,D
2019.0,,2020-06-05 17:10:48.295135,2020-06-05 17:10:48.295135,michelle_bergeron,osgg-bsgg,2022-01-25,D
2020.0,,2020-06-05 17:10:48.295135,2020-06-05 17:10:48.295135,michelle_bergeron,osgg-bsgg,2022-01-25,D
,Q2,,,,fja-cmf,2022-01-26,D
,Q4,2020-05-29 01:21:17.750217,2020-05-29 01:21:17.750217,nelson55,fja-cmf,2022-01-26,D
,Q2,,,,ocol-clo,2022-01-26,D
2019.0,,2020-06-05 17:10:48.295135,2020-06-05 17:10:48.295135,michelle_bergeron,osgg-bsgg,2022-01-26,D
2020.0,,2020-06-05 17:10:48.295135,2020-06-05 17:10:48.295135,michelle_bergeron,osgg-bsgg,2022-01-26,D
,Q2,,,,fja-cmf,2022-01-27,D
,Q4,2020-05-29 01:21:17.750217,2020-05-29 01:21:17.750217,nelson55,fja-cmf,2022-01-27,D
,Q2,,,,ocol-clo,2022-01-27,D
2019.0,,2020-06-05 17:10:48.295135,2020-06-05 17:10:48.295135,michelle_bergeron,osgg-bsgg,2022-01-27,D
2020.0,,2020-06-05 17:10:48.295135,2020-06-05 17:10:48.295135,michelle_bergeron,osgg-bsgg,2022-01-27,D
,Q2,,,,fja-cmf,2022-01-28,D
,Q4,2020-05-29 01:21:17.750217,2020-05-29 01:21:17.750217,nelson55,fja-cmf,2022-01-28,D
,Q2,,,,ocol-clo,2022-01-28,D
2019.0,,2020-06-05 17:10:48.295135,2020-06-05 17:10:48.295135,michelle_bergeron,osgg-bsgg,2022-01-28,D
2020.0,,2020-06-05 17:10:48.295135,2020-06-05 17:10:48.295135,michelle_bergeron,osgg-bsgg,2022-01-28,D
,Q2,,,,fja-cmf,2022-01-29,D
,Q4,2020-05-29 01:21:17.750217,2020-05-29 01:21:17.750217,nelson55,fja-cmf,2022-01-29,D
,Q2,,,,ocol-clo,2022-01-29,D
2019.0,,2020-06-05 17:10:48.295135,2020-06-05 17:10:48.295135,michelle_bergeron,osgg-bsgg,2022-01-29,D
2020.0,,2020-06-05 17:10:48.295135,2020-06-05 17:10:48.295135,michelle_bergeron,osgg-bsgg,2022-01-29,D
,Q2,,,,fja-cmf,2022-02-01,D
,Q4,2020-05-29 01:21:17.750217,2020-05-29 01:21:17.750217,nelson55,fja-cmf,2022-02-01,D
,Q2,,,,ocol-clo,2022-02-01,D
2019.0,,2020-06-05 17:10:48.295135,2020-06-05 17:10:48.295135,michelle_bergeron,osgg-bsgg,2022-02-01,D
2020.0,,2020-06-05 17:10:48.295135,2020-06-05 17:10:48.295135,michelle_bergeron,osgg-bsgg,2022-02-01,D
,Q2,,,,fja-cmf,2022-02-22,D
,Q4,2020-05-29 01:21:17.750217,2020-05-29 01:21:17.750217,nelson55,fja-cmf,2022-02-22,D
,Q2,,,,ocol-clo,2022-02-22,D
2019.0,,2020-06-05 17:10:48.295135,2020-06-05 17:10:48.295135,michelle_bergeron,osgg-bsgg,2022-02-22,D
2020.0,,2020-06-05 17:10:48.295135,2020-06-05 17:10:48.295135,michelle_bergeron,osgg-bsgg,2022-02-22,D
,Q2,,,,fja-cmf,2022-03-02,D
,Q4,2020-05-29 01:21:17.750217,2020-05-29 01:21:17.750217,nelson55,fja-cmf,2022-03-02,D
,Q2,,,,ocol-clo,2022-03-02,D
2019.0,,2020-06-05 17:10:48.295135,2020-06-05 17:10:48.295135,michelle_bergeron,osgg-bsgg,2022-03-02,D
2020.0,,2020-06-05 17:10:48.295135,2020-06-05 17:10:48.295135,michelle_bergeron,osgg-bsgg,2022-03-02,D
,Q2,,,,fja-cmf,2022-03-12,D
,Q4,2020-05-29 01:21:17.750217,2020-05-29 01:21:17.750217,nelson55,fja-cmf,2022-03-12,D
,Q2,,,,ocol-clo,2022-03-12,D
2019.0,,2020-06-05 17:10:48.295135,2020-06-05 17:10:48.295135,michelle_bergeron,osgg-bsgg,2022-03-12,D
2020.0,,2020-06-05 17:10:48.295135,2020-06-05 17:10:48.295135,michelle_bergeron,osgg-bsgg,2022-03-12,D
,Q2,,,,fja-cmf,2022-04-05,D
,Q4,2020-05-29 01:21:17.750217,2020-05-29 01:21:17.750217,nelson55,fja-cmf,2022-04-05,D
,Q2,,,,ocol-clo,2022-04-05,D
2019.0,,2020-06-05 17:10:48.295135,2020-06-05 17:10:48.295135,michelle_bergeron,osgg-bsgg,2022-04-05,D
2020.0,,2020-06-05 17:10:48.295135,2020-06-05 17:10:48.295135,michelle_bergeron,osgg-bsgg,2022-04-05,D
2016.0,,,,,cta-otc,2021-09-30,D
,Q2,,,,fja-cmf,2022-04-06,D
,Q4,2020-05-29 01:21:17.750217,2020-05-29 01:21:17.750217,nelson55,fja-cmf,2022-04-06,D
,Q2,,,,ocol-clo,2022-04-06,D
2019.0,,2020-06-05 17:10:48.295135,2020-06-05 17:10:48.295135,michelle_bergeron,osgg-bsgg,2022-04-06,D
2020.0,,2020-06-05 17:10:48.295135,2020-06-05 17:10:48.295135,michelle_bergeron,osgg-bsgg,2022-04-06,D
,Q2,,,,fja-cmf,2022-04-12,D
,Q4,2020-05-29 01:21:17.750217,2020-05-29 01:21:17.750217,nelson55,fja-cmf,2022-04-12,D
,Q2,,,,ocol-clo,2022-04-12,D
2019.0,,2020-06-05 17:10:48.295135,2020-06-05 17:10:48.295135,michelle_bergeron,osgg-bsgg,2022-04-12,D
2020.0,,2020-06-05 17:10:48.295135,2020-06-05 17:10:48.295135,michelle_bergeron,osgg-bsgg,2022-04-12,D
,Q2,,,,fja-cmf,2022-04-13,D
,Q4,2020-05-29 01:21:17.750217,2020-05-29 01:21:17.750217,nelson55,fja-cmf,2022-04-13,D
,Q2,,,,ocol-clo,2022-04-13,D
2019.0,,2020-06-05 17:10:48.295135,2020-06-05 17:10:48.295135,michelle_bergeron,osgg-bsgg,2022-04-13,D
2020.0,,2020-06-05 17:10:48.295135,2020-06-05 17:10:48.295135,michelle_bergeron,osgg-bsgg,2022-04-13,D
,Q2,,,,fja-cmf,2022-04-20,D
,Q4,2020-05-29 01:21:17.750217,2020-05-29 01:21:17.750217,nelson55,fja-cmf,2022-04-20,D
,Q2,,,,ocol-clo,2022-04-20,D
2019.0,,2020-06-05 17:10:48.295135,2020-06-05 17:10:48.295135,michelle_bergeron,osgg-bsgg,2022-04-20,D
2020.0,,2020-06-05 17:10:48.295135,2020-06-05 17:10:48.295135,michelle_bergeron,osgg-bsgg,2022-04-20,D
,Q2,,,,fja-cmf,2022-04-22,D
,Q4,2020-05-29 01:21:17.750217,2020-05-29 01:21:17.750217,nelson55,fja-cmf,2022-04-22,D
,Q2,,,,ocol-clo,2022-04-22,D
2019.0,,2020-06-05 17:10:48.295135,2020-06-05 17:10:48.295135,michelle_bergeron,osgg-bsgg,2022-04-22,D
2020.0,,2020-06-05 17:10:48.295135,2020-06-05 17:10:48.295135,michelle_bergeron,osgg-bsgg,2022-04-22,D
,Q2,,,,fja-cmf,2022-04-26,D
,Q4,2020-05-29 01:21:17.750217,2020-05-29 01:21:17.750217,nelson55,fja-cmf,2022-04-26,D
,Q2,,,,ocol-clo,2022-04-26,D
2019.0,,2020-06-05 17:10:48.295135,2020-06-05 17:10:48.295135,michelle_bergeron,osgg-bsgg,2022-04-26,D
2020.0,,2020-06-05 17:10:48.295135,2020-06-05 17:10:48.295135,michelle_bergeron,osgg-bsgg,2022-04-26,D
,Q2,,,,fja-cmf,2022-04-27,D
,Q4,2020-05-29 01:21:17.750217,2020-05-29 01:21:17.750217,nelson55,fja-cmf,2022-04-27,D
,Q2,,,,ocol-clo,2022-04-27,D
2019.0,,2020-06-05 17:10:48.295135,2020-06-05 17:10:48.295135,michelle_bergeron,osgg-bsgg,2022-04-27,D
2020.0,,2020-06-05 17:10:48.295135,2020-06-05 17:10:48.295135,michelle_bergeron,osgg-bsgg,2022-04-27,D
,Q4,2020-05-29 01:21:17.750217,2020-05-29 01:21:17.750217,nelson55,fja-cmf,2022-04-28,D
,Q2,,,,ocol-clo,2022-04-28,D
2019.0,,2020-06-05 17:10:48.295135,2020-06-05 17:10:48.295135,michelle_bergeron,osgg-bsgg,2022-04-28,D
2020.0,,2020-06-05 17:10:48.295135,2020-06-05 17:10:48.295135,michelle_bergeron,osgg-bsgg,2022-04-28,D
,Q2,,,,fja-cmf,2022-04-29,D
,Q4,2020-05-29 01:21:17.750217,2020-05-29 01:21:17.750217,nelson55,fja-cmf,2022-04-29,D
,Q2,,,,ocol-clo,2022-04-29,D
2019.0,,2020-06-05 17:10:48.295135,2020-06-05 17:10:48.295135,michelle_bergeron,osgg-bsgg,2022-04-29,D
2020.0,,2020-06-05 17:10:48.295135,2020-06-05 17:10:48.295135,michelle_bergeron,osgg-bsgg,2022-04-29,D
,Q2,,,,fja-cmf,2022-04-30,D
,Q4,2020-05-29 01:21:17.750217,2020-05-29 01:21:17.750217,nelson55,fja-cmf,2022-04-30,D
,Q2,,,,ocol-clo,2022-04-30,D
2019.0,,2020-06-05 17:10:48.295135,2020-06-05 17:10:48.295135,michelle_bergeron,osgg-bsgg,2022-04-30,D
2020.0,,2020-06-05 17:10:48.295135,2020-06-05 17:10:48.295135,michelle_bergeron,osgg-bsgg,2022-04-30,D
,Q2,,,,fja-cmf,2022-05-03,D
,Q4,2020-05-29 01:21:17.750217,2020-05-29 01:21:17.750217,nelson55,fja-cmf,2022-05-03,D
,Q2,,,,ocol-clo,2022-05-03,D
2019.0,,2020-06-05 17:10:48.295135,2020-06-05 17:10:48.295135,michelle_bergeron,osgg-bsgg,2022-05-03,D
2020.0,,2020-06-05 17:10:48.295135,2020-06-05 17:10:48.295135,michelle_bergeron,osgg-bsgg,2022-05-03,D
,Q2,,,,fja-cmf,2022-05-04,D
,Q4,2020-05-29 01:21:17.750217,2020-05-29 01:21:17.750217,nelson55,fja-cmf,2022-05-04,D
,Q2,,,,ocol-clo,2022-05-04,D
2019.0,,2020-06-05 17:10:48.295135,2020-06-05 17:10:48.295135,michelle_bergeron,osgg-bsgg,2022-05-04,D
2020.0,,2020-06-05 17:10:48.295135,2020-06-05 17:10:48.295135,michelle_bergeron,osgg-bsgg,2022-05-04,D
,Q2,,,,fja-cmf,2022-05-31,D
,Q4,2020-05-29 01:21:17.750217,2020-05-29 01:21:17.750217,nelson55,fja-cmf,2022-05-31,D
,Q2,,,,ocol-clo,2022-05-31,D
2019.0,,2020-06-05 17:10:48.295135,2020-06-05 17:10:48.295135,michelle_bergeron,osgg-bsgg,2022-05-31,D
2020.0,,2020-06-05 17:10:48.295135,2020-06-05 17:10:48.295135,michelle_bergeron,osgg-bsgg,2022-05-31,D
,Q2,,,,fja-cmf,2022-06-10,D
,Q4,2020-05-29 01:21:17.750217,2020-05-29 01:21:17.750217,nelson55,fja-cmf,2022-06-10,D
,Q2,,,,ocol-clo,2022-06-10,D
2019.0,,2020-06-05 17:10:48.295135,2020-06-05 17:10:48.295135,michelle_bergeron,osgg-bsgg,2022-06-10,D
2020.0,,2020-06-05 17:10:48.295135,2020-06-05 17:10:48.295135,michelle_bergeron,osgg-bsgg,2022-06-10,D
,Q2,,,,fja-cmf,2022-06-28,D
,Q4,2020-05-29 01:21:17.750217,2020-05-29 01:21:17.750217,nelson55,fja-cmf,2022-06-28,D
,Q2,,,,ocol-clo,2022-06-28,D
2019.0,,2020-06-05 17:10:48.295135,2020-06-05 17:10:48.295135,michelle_bergeron,osgg-bsgg,2022-06-28,D
2020.0,,2020-06-05 17:10:48.295135,2020-06-05 17:10:48.295135,michelle_bergeron,osgg-bsgg,2022-06-28,D
,Q2,,,,ocol-clo,2022-07-01,D
,Q2,,,,fja-cmf,2022-07-01,D
,Q4,2020-05-29 01:21:17.750217,2020-05-29 01:21:17.750217,nelson55,fja-cmf,2022-07-01,D
2019.0,,2020-06-05 17:10:48.295135,2020-06-05 17:10:48.295135,michelle_bergeron,osgg-bsgg,2022-07-01,D
2020.0,,2020-06-05 17:10:48.295135,2020-06-05 17:10:48.295135,michelle_bergeron,osgg-bsgg,2022-07-01,D
2016.0,,,,,cta-otc,2021-04-07,D
2017.0,,,,,cta-otc,2021-04-07,D
2019.0,,,,,cta-otc,2021-04-07,D
,Q2,,,,fja-cmf,2021-04-07,D
,Q4,2020-05-29 01:21:17.750217,2020-05-29 01:21:17.750217,nelson55,fja-cmf,2021-04-07,D
,Q2,,,,ocol-clo,2021-04-07,D
2019.0,,2020-06-05 17:10:48.295135,2020-06-05 17:10:48.295135,michelle_bergeron,osgg-bsgg,2021-04-07,D
2020.0,,2020-06-05 17:10:48.295135,2020-06-05 17:10:48.295135,michelle_bergeron,osgg-bsgg,2021-04-07,D
,,2021-02-05 14:30:24.961972,2021-02-05 14:30:24.961972,hbedja,tbs-sct,2021-04-07,D
2016.0,,,,,cta-otc,2021-04-08,D
2017.0,,,,,cta-otc,2021-04-08,D
2019.0,,,,,cta-otc,2021-04-08,D
,Q2,,,,fja-cmf,2021-04-08,D
,Q4,2020-05-29 01:21:17.750217,2020-05-29 01:21:17.750217,nelson55,fja-cmf,2021-04-08,D
,Q2,,,,ocol-clo,2021-04-08,D
2019.0,,2020-06-05 17:10:48.295135,2020-06-05 17:10:48.295135,michelle_bergeron,osgg-bsgg,2021-04-08,D
2020.0,,2020-06-05 17:10:48.295135,2020-06-05 17:10:48.295135,michelle_bergeron,osgg-bsgg,2021-04-08,D
,,2021-02-05 14:30:24.961972,2021-02-05 14:30:24.961972,hbedja,tbs-sct,2021-04-08,D
2016.0,,,,,cta-otc,2021-04-09,D
2017.0,,,,,cta-otc,2021-04-09,D
2019.0,,,,,cta-otc,2021-04-09,D
,Q2,,,,fja-cmf,2021-04-09,D
,Q4,2020-05-29 01:21:17.750217,2020-05-29 01:21:17.750217,nelson55,fja-cmf,2021-04-09,D
,Q2,,,,ocol-clo,2021-04-09,D
2019.0,,2020-06-05 17:10:48.295135,2020-06-05 17:10:48.295135,michelle_bergeron,osgg-bsgg,2021-04-09,D
2020.0,,2020-06-05 17:10:48.295135,2020-06-05 17:10:48.295135,michelle_bergeron,osgg-bsgg,2021-04-09,D
,,2021-02-05 14:30:24.961972,2021-02-05 14:30:24.961972,hbedja,tbs-sct,2021-04-09,D
2016.0,,,,,cta-otc,2021-04-10,D
2017.0,,,,,cta-otc,2021-04-10,D
2019.0,,,,,cta-otc,2021-04-10,D
,Q2,,,,fja-cmf,2021-04-10,D
,Q4,2020-05-29 01:21:17.750217,2020-05-29 01:21:17.750217,nelson55,fja-cmf,2021-04-10,D
,Q2,,,,ocol-clo,2021-04-10,D
2019.0,,2020-06-05 17:10:48.295135,2020-06-05 17:10:48.295135,michelle_bergeron,osgg-bsgg,2021-04-10,D
2020.0,,2020-06-05 17:10:48.295135,2020-06-05 17:10:48.295135,michelle_bergeron,osgg-bsgg,2021-04-10,D
,,2021-02-05 14:30:24.961972,2021-02-05 14:30:24.961972,hbedja,tbs-sct,2021-04-10,D
2016.0,,,,,cta-otc,2021-04-15,D
2017.0,,,,,cta-otc,2021-04-15,D
2019.0,,,,,cta-otc,2021-04-15,D
,Q2,,,,fja-cmf,2021-04-15,D
,Q4,2020-05-29 01:21:17.750217,2020-05-29 01:21:17.750217,nelson55,fja-cmf,2021-04-15,D
,Q2,,,,ocol-clo,2021-04-15,D
2019.0,,2020-06-05 17:10:48.295135,2020-06-05 17:10:48.295135,michelle_bergeron,osgg-bsgg,2021-04-15,D
2020.0,,2020-06-05 17:10:48.295135,2020-06-05 17:10:48.295135,michelle_bergeron,osgg-bsgg,2021-04-15,D
,,2021-02-05 14:30:24.961972,2021-02-05 14:30:24.961972,hbedja,tbs-sct,2021-04-15,D
2016.0,,,,,cta-otc,2021-04-16,D
2017.0,,,,,cta-otc,2021-04-16,D
2019.0,,,,,cta-otc,2021-04-16,D
,Q2,,,,fja-cmf,2021-04-16,D
,Q4,2020-05-29 01:21:17.750217,2020-05-29 01:21:17.750217,nelson55,fja-cmf,2021-04-16,D
,Q2,,,,ocol-clo,2021-04-16,D
2019.0,,2020-06-05 17:10:48.295135,2020-06-05 17:10:48.295135,michelle_bergeron,osgg-bsgg,2021-04-16,D
2020.0,,2020-06-05 17:10:48.295135,2020-06-05 17:10:48.295135,michelle_bergeron,osgg-bsgg,2021-04-16,D
,,2021-02-05 14:30:24.961972,2021-02-05 14:30:24.961972,hbedja,tbs-sct,2021-04-16,D
2020.0,Q4,2021-04-14 14:36:01.732241,2021-04-14 14:36:01.732241,phlalond,tbs-sct,2021-04-16,D
2016.0,,,,,cta-otc,2021-04-20,D
2017.0,,,,,cta-otc,2021-04-20,D
2019.0,,,,,cta-otc,2021-04-20,D
,Q2,,,,fja-cmf,2021-04-20,D
,Q4,2020-05-29 01:21:17.750217,2020-05-29 01:21:17.750217,nelson55,fja-cmf,2021-04-20,D
,Q2,,,,ocol-clo,2021-04-20,D
2019.0,,2020-06-05 17:10:48.295135,2020-06-05 17:10:48.295135,michelle_bergeron,osgg-bsgg,2021-04-20,D
2020.0,,2020-06-05 17:10:48.295135,2020-06-05 17:10:48.295135,michelle_bergeron,osgg-bsgg,2021-04-20,D
,,2021-02-05 14:30:24.961972,2021-02-05 14:30:24.961972,hbedja,tbs-sct,2021-04-20,D
2016.0,,,,,cta-otc,2021-04-27,D
2017.0,,,,,cta-otc,2021-04-27,D
2019.0,,,,,cta-otc,2021-04-27,D
,Q2,,,,fja-cmf,2021-04-27,D
,Q4,2020-05-29 01:21:17.750217,2020-05-29 01:21:17.750217,nelson55,fja-cmf,2021-04-27,D
,Q2,,,,ocol-clo,2021-04-27,D
2019.0,,2020-06-05 17:10:48.295135,2020-06-05 17:10:48.295135,michelle_bergeron,osgg-bsgg,2021-04-27,D
2020.0,,2020-06-05 17:10:48.295135,2020-06-05 17:10:48.295135,michelle_bergeron,osgg-bsgg,2021-04-27,D
,,2021-02-05 14:30:24.961972,2021-02-05 14:30:24.961972,hbedja,tbs-sct,2021-04-27,D
2016.0,,,,,cta-otc,2021-04-28,D
2017.0,,,,,cta-otc,2021-04-28,D
2019.0,,,,,cta-otc,2021-04-28,D
,Q2,,,,fja-cmf,2021-04-28,D
,Q4,2020-05-29 01:21:17.750217,2020-05-29 01:21:17.750217,nelson55,fja-cmf,2021-04-28,D
,Q2,,,,ocol-clo,2021-04-28,D
2019.0,,2020-06-05 17:10:48.295135,2020-06-05 17:10:48.295135,michelle_bergeron,osgg-bsgg,2021-04-28,D
2020.0,,2020-06-05 17:10:48.295135,2020-06-05 17:10:48.295135,michelle_bergeron,osgg-bsgg,2021-04-28,D
,,2021-02-05 14:30:24.961972,2021-02-05 14:30:24.961972,hbedja,tbs-sct,2021-04-28,D
2016.0,,,,,cta-otc,2021-04-29,D
2017.0,,,,,cta-otc,2021-04-29,D
2019.0,,,,,cta-otc,2021-04-29,D
,Q2,,,,fja-cmf,2021-04-29,D
,Q4,2020-05-29 01:21:17.750217,2020-05-29 01:21:17.750217,nelson55,fja-cmf,2021-04-29,D
,Q2,,,,ocol-clo,2021-04-29,D
2019.0,,2020-06-05 17:10:48.295135,2020-06-05 17:10:48.295135,michelle_bergeron,osgg-bsgg,2021-04-29,D
2020.0,,2020-06-05 17:10:48.295135,2020-06-05 17:10:48.295135,michelle_bergeron,osgg-bsgg,2021-04-29,D
,,2021-02-05 14:30:24.961972,2021-02-05 14:30:24.961972,hbedja,tbs-sct,2021-04-29,D
2016.0,,,,,cta-otc,2021-04-30,D
2017.0,,,,,cta-otc,2021-04-30,D
2019.0,,,,,cta-otc,2021-04-30,D
,Q2,,,,fja-cmf,2021-04-30,D
,Q4,2020-05-29 01:21:17.750217,2020-05-29 01:21:17.750217,nelson55,fja-cmf,2021-04-30,D
,Q2,,,,ocol-clo,2021-04-30,D
2019.0,,2020-06-05 17:10:48.295135,2020-06-05 17:10:48.295135,michelle_bergeron,osgg-bsgg,2021-04-30,D
2020.0,,2020-06-05 17:10:48.295135,2020-06-05 17:10:48.295135,michelle_bergeron,osgg-bsgg,2021-04-30,D
,,2021-02-05 14:30:24.961972,2021-02-05 14:30:24.961972,hbedja,tbs-sct,2021-04-30,D
2016.0,,,,,cta-otc,2021-05-01,D
2017.0,,,,,cta-otc,2021-05-01,D
2019.0,,,,,cta-otc,2021-05-01,D
,Q2,,,,fja-cmf,2021-05-01,D
,Q4,2020-05-29 01:21:17.750217,2020-05-29 01:21:17.750217,nelson55,fja-cmf,2021-05-01,D
,Q2,,,,ocol-clo,2021-05-01,D
2019.0,,2020-06-05 17:10:48.295135,2020-06-05 17:10:48.295135,michelle_bergeron,osgg-bsgg,2021-05-01,D
2020.0,,2020-06-05 17:10:48.295135,2020-06-05 17:10:48.295135,michelle_bergeron,osgg-bsgg,2021-05-01,D
,,2021-02-05 14:30:24.961972,2021-02-05 14:30:24.961972,hbedja,tbs-sct,2021-05-01,D
2016.0,,,,,cta-otc,2021-05-06,D
2017.0,,,,,cta-otc,2021-05-06,D
2019.0,,,,,cta-otc,2021-05-06,D
,Q2,,,,fja-cmf,2021-05-06,D
,Q4,2020-05-29 01:21:17.750217,2020-05-29 01:21:17.750217,nelson55,fja-cmf,2021-05-06,D
,Q2,,,,ocol-clo,2021-05-06,D
2019.0,,2020-06-05 17:10:48.295135,2020-06-05 17:10:48.295135,michelle_bergeron,osgg-bsgg,2021-05-06,D
2020.0,,2020-06-05 17:10:48.295135,2020-06-05 17:10:48.295135,michelle_bergeron,osgg-bsgg,2021-05-06,D
,,2021-02-05 14:30:24.961972,2021-02-05 14:30:24.961972,hbedja,tbs-sct,2021-05-06,D
2016.0,,,,,cta-otc,2021-05-21,D
2017.0,,,,,cta-otc,2021-05-21,D
2019.0,,,,,cta-otc,2021-05-21,D
,Q2,,,,fja-cmf,2021-05-21,D
,Q4,2020-05-29 01:21:17.750217,2020-05-29 01:21:17.750217,nelson55,fja-cmf,2021-05-21,D
,Q2,,,,ocol-clo,2021-05-21,D
2019.0,,2020-06-05 17:10:48.295135,2020-06-05 17:10:48.295135,michelle_bergeron,osgg-bsgg,2021-05-21,D
2020.0,,2020-06-05 17:10:48.295135,2020-06-05 17:10:48.295135,michelle_bergeron,osgg-bsgg,2021-05-21,D
,,2021-02-05 14:30:24.961972,2021-02-05 14:30:24.961972,hbedja,tbs-sct,2021-05-21,D
2016.0,,,,,cta-otc,2021-06-06,D
2017.0,,,,,cta-otc,2021-06-06,D
2019.0,,,,,cta-otc,2021-06-06,D
,Q2,,,,fja-cmf,2021-06-06,D
,Q4,2020-05-29 01:21:17.750217,2020-05-29 01:21:17.750217,nelson55,fja-cmf,2021-06-06,D
,Q2,,,,ocol-clo,2021-06-06,D
2019.0,,2020-06-05 17:10:48.295135,2020-06-05 17:10:48.295135,michelle_bergeron,osgg-bsgg,2021-06-06,D
2020.0,,2020-06-05 17:10:48.295135,2020-06-05 17:10:48.295135,michelle_bergeron,osgg-bsgg,2021-06-06,D
2016.0,,,,,cta-otc,2021-06-10,D
2017.0,,,,,cta-otc,2021-06-10,D
2019.0,,,,,cta-otc,2021-06-10,D
,Q2,,,,fja-cmf,2021-06-10,D
,Q4,2020-05-29 01:21:17.750217,2020-05-29 01:21:17.750217,nelson55,fja-cmf,2021-06-10,D
,Q2,,,,ocol-clo,2021-06-10,D
2019.0,,2020-06-05 17:10:48.295135,2020-06-05 17:10:48.295135,michelle_bergeron,osgg-bsgg,2021-06-10,D
2020.0,,2020-06-05 17:10:48.295135,2020-06-05 17:10:48.295135,michelle_bergeron,osgg-bsgg,2021-06-10,D
2016.0,,,,,cta-otc,2021-07-01,D
2017.0,,,,,cta-otc,2021-07-01,D
2019.0,,,,,cta-otc,2021-07-01,D
,Q2,,,,ocol-clo,2021-07-01,D
,Q2,,,,fja-cmf,2021-07-01,D
,Q4,2020-05-29 01:21:17.750217,2020-05-29 01:21:17.750217,nelson55,fja-cmf,2021-07-01,D
2019.0,,2020-06-05 17:10:48.295135,2020-06-05 17:10:48.295135,michelle_bergeron,osgg-bsgg,2021-07-01,D
2020.0,,2020-06-05 17:10:48.295135,2020-06-05 17:10:48.295135,michelle_bergeron,osgg-bsgg,2021-07-01,D
2016.0,,,,,cta-otc,2021-07-06,D
2017.0,,,,,cta-otc,2021-07-06,D
2019.0,,,,,cta-otc,2021-07-06,D
,Q2,,,,fja-cmf,2021-07-06,D
,Q4,2020-05-29 01:21:17.750217,2020-05-29 01:21:17.750217,nelson55,fja-cmf,2021-07-06,D
,Q2,,,,ocol-clo,2021-07-06,D
2019.0,,2020-06-05 17:10:48.295135,2020-06-05 17:10:48.295135,michelle_bergeron,osgg-bsgg,2021-07-06,D
2020.0,,2020-06-05 17:10:48.295135,2020-06-05 17:10:48.295135,michelle_bergeron,osgg-bsgg,2021-07-06,D
2016.0,,,,,cta-otc,2021-07-07,D
2017.0,,,,,cta-otc,2021-07-07,D
2019.0,,,,,cta-otc,2021-07-07,D
,Q2,,,,fja-cmf,2021-07-07,D
,Q4,2020-05-29 01:21:17.750217,2020-05-29 01:21:17.750217,nelson55,fja-cmf,2021-07-07,D
,Q2,,,,ocol-clo,2021-07-07,D
2019.0,,2020-06-05 17:10:48.295135,2020-06-05 17:10:48.295135,michelle_bergeron,osgg-bsgg,2021-07-07,D
2020.0,,2020-06-05 17:10:48.295135,2020-06-05 17:10:48.295135,michelle_bergeron,osgg-bsgg,2021-07-07,D
2016.0,,,,,cta-otc,2021-07-13,D
2017.0,,,,,cta-otc,2021-07-13,D
2019.0,,,,,cta-otc,2021-07-13,D
,Q2,,,,fja-cmf,2021-07-13,D
,Q4,2020-05-29 01:21:17.750217,2020-05-29 01:21:17.750217,nelson55,fja-cmf,2021-07-13,D
,Q2,,,,ocol-clo,2021-07-13,D
2019.0,,2020-06-05 17:10:48.295135,2020-06-05 17:10:48.295135,michelle_bergeron,osgg-bsgg,2021-07-13,D
2020.0,,2020-06-05 17:10:48.295135,2020-06-05 17:10:48.295135,michelle_bergeron,osgg-bsgg,2021-07-13,D
2016.0,,,,,cta-otc,2021-07-14,D
2017.0,,,,,cta-otc,2021-07-14,D
2019.0,,,,,cta-otc,2021-07-14,D
,Q2,,,,fja-cmf,2021-07-14,D
,Q4,2020-05-29 01:21:17.750217,2020-05-29 01:21:17.750217,nelson55,fja-cmf,2021-07-14,D
,Q2,,,,ocol-clo,2021-07-14,D
2019.0,,2020-06-05 17:10:48.295135,2020-06-05 17:10:48.295135,michelle_bergeron,osgg-bsgg,2021-07-14,D
2020.0,,2020-06-05 17:10:48.295135,2020-06-05 17:10:48.295135,michelle_bergeron,osgg-bsgg,2021-07-14,D
2016.0,,,,,cta-otc,2021-07-15,D
2017.0,,,,,cta-otc,2021-07-15,D
2019.0,,,,,cta-otc,2021-07-15,D
,Q2,,,,fja-cmf,2021-07-15,D
,Q4,2020-05-29 01:21:17.750217,2020-05-29 01:21:17.750217,nelson55,fja-cmf,2021-07-15,D
,Q2,,,,ocol-clo,2021-07-15,D
2019.0,,2020-06-05 17:10:48.295135,2020-06-05 17:10:48.295135,michelle_bergeron,osgg-bsgg,2021-07-15,D
2020.0,,2020-06-05 17:10:48.295135,2020-06-05 17:10:48.295135,michelle_bergeron,osgg-bsgg,2021-07-15,D
2016.0,,,,,cta-otc,2021-07-16,D
2017.0,,,,,cta-otc,2021-07-16,D
2019.0,,,,,cta-otc,2021-07-16,D
,Q2,,,,fja-cmf,2021-07-16,D
,Q4,2020-05-29 01:21:17.750217,2020-05-29 01:21:17.750217,nelson55,fja-cmf,2021-07-16,D
,Q2,,,,ocol-clo,2021-07-16,D
2019.0,,2020-06-05 17:10:48.295135,2020-06-05 17:10:48.295135,michelle_bergeron,osgg-bsgg,2021-07-16,D
2020.0,,2020-06-05 17:10:48.295135,2020-06-05 17:10:48.295135,michelle_bergeron,osgg-bsgg,2021-07-16,D
2016.0,,,,,cta-otc,2021-07-20,D
2017.0,,,,,cta-otc,2021-07-20,D
2019.0,,,,,cta-otc,2021-07-20,D
,Q2,,,,fja-cmf,2021-07-20,D
,Q4,2020-05-29 01:21:17.750217,2020-05-29 01:21:17.750217,nelson55,fja-cmf,2021-07-20,D
,Q2,,,,ocol-clo,2021-07-20,D
2019.0,,2020-06-05 17:10:48.295135,2020-06-05 17:10:48.295135,michelle_bergeron,osgg-bsgg,2021-07-20,D
2020.0,,2020-06-05 17:10:48.295135,2020-06-05 17:10:48.295135,michelle_bergeron,osgg-bsgg,2021-07-20,D
2016.0,,,,,cta-otc,2021-07-21,D
2017.0,,,,,cta-otc,2021-07-21,D
2019.0,,,,,cta-otc,2021-07-21,D
,Q2,,,,fja-cmf,2021-07-21,D
,Q4,2020-05-29 01:21:17.750217,2020-05-29 01:21:17.750217,nelson55,fja-cmf,2021-07-21,D
,Q2,,,,ocol-clo,2021-07-21,D
2019.0,,2020-06-05 17:10:48.295135,2020-06-05 17:10:48.295135,michelle_bergeron,osgg-bsgg,2021-07-21,D
2020.0,,2020-06-05 17:10:48.295135,2020-06-05 17:10:48.295135,michelle_bergeron,osgg-bsgg,2021-07-21,D
2016.0,,,,,cta-otc,2021-07-22,D
2017.0,,,,,cta-otc,2021-07-22,D
2019.0,,,,,cta-otc,2021-07-22,D
,Q2,,,,fja-cmf,2021-07-22,D
,Q4,2020-05-29 01:21:17.750217,2020-05-29 01:21:17.750217,nelson55,fja-cmf,2021-07-22,D
,Q2,,,,ocol-clo,2021-07-22,D
2019.0,,2020-06-05 17:10:48.295135,2020-06-05 17:10:48.295135,michelle_bergeron,osgg-bsgg,2021-07-22,D
2020.0,,2020-06-05 17:10:48.295135,2020-06-05 17:10:48.295135,michelle_bergeron,osgg-bsgg,2021-07-22,D
2016.0,,,,,cta-otc,2021-07-23,D
2017.0,,,,,cta-otc,2021-07-23,D
2019.0,,,,,cta-otc,2021-07-23,D
,Q2,,,,fja-cmf,2021-07-23,D
,Q4,2020-05-29 01:21:17.750217,2020-05-29 01:21:17.750217,nelson55,fja-cmf,2021-07-23,D
,Q2,,,,ocol-clo,2021-07-23,D
2019.0,,2020-06-05 17:10:48.295135,2020-06-05 17:10:48.295135,michelle_bergeron,osgg-bsgg,2021-07-23,D
2020.0,,2020-06-05 17:10:48.295135,2020-06-05 17:10:48.295135,michelle_bergeron,osgg-bsgg,2021-07-23,D
2016.0,,,,,cta-otc,2021-07-28,D
2017.0,,,,,cta-otc,2021-07-28,D
2019.0,,,,,cta-otc,2021-07-28,D
,Q2,,,,fja-cmf,2021-07-28,D
,Q4,2020-05-29 01:21:17.750217,2020-05-29 01:21:17.750217,nelson55,fja-cmf,2021-07-28,D
,Q2,,,,ocol-clo,2021-07-28,D
2019.0,,2020-06-05 17:10:48.295135,2020-06-05 17:10:48.295135,michelle_bergeron,osgg-bsgg,2021-07-28,D
2020.0,,2020-06-05 17:10:48.295135,2020-06-05 17:10:48.295135,michelle_bergeron,osgg-bsgg,2021-07-28,D
2016.0,,,,,cta-otc,2021-07-30,D
2017.0,,,,,cta-otc,2021-07-30,D
2019.0,,,,,cta-otc,2021-07-30,D
,Q2,,,,fja-cmf,2021-07-30,D
,Q4,2020-05-29 01:21:17.750217,2020-05-29 01:21:17.750217,nelson55,fja-cmf,2021-07-30,D
,Q2,,,,ocol-clo,2021-07-30,D
2019.0,,2020-06-05 17:10:48.295135,2020-06-05 17:10:48.295135,michelle_bergeron,osgg-bsgg,2021-07-30,D
2020.0,,2020-06-05 17:10:48.295135,2020-06-05 17:10:48.295135,michelle_bergeron,osgg-bsgg,2021-07-30,D
2016.0,,,,,cta-otc,2021-07-31,D
2017.0,,,,,cta-otc,2021-07-31,D
2019.0,,,,,cta-otc,2021-07-31,D
,Q2,,,,fja-cmf,2021-07-31,D
,Q4,2020-05-29 01:21:17.750217,2020-05-29 01:21:17.750217,nelson55,fja-cmf,2021-07-31,D
,Q2,,,,ocol-clo,2021-07-31,D
2019.0,,2020-06-05 17:10:48.295135,2020-06-05 17:10:48.295135,michelle_bergeron,osgg-bsgg,2021-07-31,D
2020.0,,2020-06-05 17:10:48.295135,2020-06-05 17:10:48.295135,michelle_bergeron,osgg-bsgg,2021-07-31,D
2016.0,,,,,cta-otc,2021-08-27,D
2017.0,,,,,cta-otc,2021-08-27,D
2019.0,,,,,cta-otc,2021-08-27,D
,Q2,,,,fja-cmf,2021-08-27,D
,Q4,2020-05-29 01:21:17.750217,2020-05-29 01:21:17.750217,nelson55,fja-cmf,2021-08-27,D
,Q2,,,,ocol-clo,2021-08-27,D
2019.0,,2020-06-05 17:10:48.295135,2020-06-05 17:10:48.295135,michelle_bergeron,osgg-bsgg,2021-08-27,D
2020.0,,2020-06-05 17:10:48.295135,2020-06-05 17:10:48.295135,michelle_bergeron,osgg-bsgg,2021-08-27,D
2016.0,,,,,cta-otc,2021-09-04,D
2017.0,,,,,cta-otc,2021-09-04,D
2019.0,,,,,cta-otc,2021-09-04,D
,Q2,,,,fja-cmf,2021-09-04,D
,Q4,2020-05-29 01:21:17.750217,2020-05-29 01:21:17.750217,nelson55,fja-cmf,2021-09-04,D
,Q2,,,,ocol-clo,2021-09-04,D
2019.0,,2020-06-05 17:10:48.295135,2020-06-05 17:10:48.295135,michelle_bergeron,osgg-bsgg,2021-09-04,D
2020.0,,2020-06-05 17:10:48.295135,2020-06-05 17:10:48.295135,michelle_bergeron,osgg-bsgg,2021-09-04,D
2016.0,,,,,cta-otc,2021-09-10,D
2017.0,,,,,cta-otc,2021-09-10,D
2019.0,,,,,cta-otc,2021-09-10,D
,Q2,,,,fja-cmf,2021-09-10,D
,Q4,2020-05-29 01:21:17.750217,2020-05-29 01:21:17.750217,nelson55,fja-cmf,2021-09-10,D
,Q2,,,,ocol-clo,2021-09-10,D
2019.0,,2020-06-05 17:10:48.295135,2020-06-05 17:10:48.295135,michelle_bergeron,osgg-bsgg,2021-09-10,D
2020.0,,2020-06-05 17:10:48.295135,2020-06-05 17:10:48.295135,michelle_bergeron,osgg-bsgg,2021-09-10,D
2017.0,,,,,cta-otc,2021-09-30,D
2019.0,,,,,cta-otc,2021-09-30,D
,Q2,,,,fja-cmf,2021-09-30,D
,Q4,2020-05-29 01:21:17.750217,2020-05-29 01:21:17.750217,nelson55,fja-cmf,2021-09-30,D
,Q2,,,,ocol-clo,2021-09-30,D
2019.0,,2020-06-05 17:10:48.295135,2020-06-05 17:10:48.295135,michelle_bergeron,osgg-bsgg,2021-09-30,D
2020.0,,2020-06-05 17:10:48.295135,2020-06-05 17:10:48.295135,michelle_bergeron,osgg-bsgg,2021-09-30,D
2016.0,,,,,cta-otc,2021-10-02,D
2017.0,,,,,cta-otc,2021-10-02,D
2019.0,,,,,cta-otc,2021-10-02,D
,Q2,,,,fja-cmf,2021-10-02,D
,Q4,2020-05-29 01:21:17.750217,2020-05-29 01:21:17.750217,nelson55,fja-cmf,2021-10-02,D
,Q2,,,,ocol-clo,2021-10-02,D
2019.0,,2020-06-05 17:10:48.295135,2020-06-05 17:10:48.295135,michelle_bergeron,osgg-bsgg,2021-10-02,D
2020.0,,2020-06-05 17:10:48.295135,2020-06-05 17:10:48.295135,michelle_bergeron,osgg-bsgg,2021-10-02,D
2016.0,,,,,cta-otc,2021-10-06,D
2017.0,,,,,cta-otc,2021-10-06,D
2019.0,,,,,cta-otc,2021-10-06,D
,Q2,,,,fja-cmf,2021-10-06,D
,Q4,2020-05-29 01:21:17.750217,2020-05-29 01:21:17.750217,nelson55,fja-cmf,2021-10-06,D
,Q2,,,,ocol-clo,2021-10-06,D
2019.0,,2020-06-05 17:10:48.295135,2020-06-05 17:10:48.295135,michelle_bergeron,osgg-bsgg,2021-10-06,D
2020.0,,2020-06-05 17:10:48.295135,2020-06-05 17:10:48.295135,michelle_bergeron,osgg-bsgg,2021-10-06,D
2016.0,,,,,cta-otc,2021-10-07,D
2017.0,,,,,cta-otc,2021-10-07,D
2019.0,,,,,cta-otc,2021-10-07,D
,Q2,,,,fja-cmf,2021-10-07,D
,Q4,2020-05-29 01:21:17.750217,2020-05-29 01:21:17.750217,nelson55,fja-cmf,2021-10-07,D
,Q2,,,,ocol-clo,2021-10-07,D
2019.0,,2020-06-05 17:10:48.295135,2020-06-05 17:10:48.295135,michelle_bergeron,osgg-bsgg,2021-10-07,D
2020.0,,2020-06-05 17:10:48.295135,2020-06-05 17:10:48.295135,michelle_bergeron,osgg-bsgg,2021-10-07,D
2016.0,,,,,cta-otc,2021-10-08,D
2017.0,,,,,cta-otc,2021-10-08,D
2019.0,,,,,cta-otc,2021-10-08,D
,Q2,,,,fja-cmf,2021-10-08,D
,Q4,2020-05-29 01:21:17.750217,2020-05-29 01:21:17.750217,nelson55,fja-cmf,2021-10-08,D
,Q2,,,,ocol-clo,2021-10-08,D
2019.0,,2020-06-05 17:10:48.295135,2020-06-05 17:10:48.295135,michelle_bergeron,osgg-bsgg,2021-10-08,D
2020.0,,2020-06-05 17:10:48.295135,2020-06-05 17:10:48.295135,michelle_bergeron,osgg-bsgg,2021-10-08,D
2016.0,,,,,cta-otc,2021-10-09,D
2017.0,,,,,cta-otc,2021-10-09,D
2019.0,,,,,cta-otc,2021-10-09,D
,Q2,,,,fja-cmf,2021-10-09,D
,Q4,2020-05-29 01:21:17.750217,2020-05-29 01:21:17.750217,nelson55,fja-cmf,2021-10-09,D
,Q2,,,,ocol-clo,2021-10-09,D
2019.0,,2020-06-05 17:10:48.295135,2020-06-05 17:10:48.295135,michelle_bergeron,osgg-bsgg,2021-10-09,D
,Q2,,,,ocol-clo,2021-01-06,D
2020.0,,2020-06-05 17:10:48.295135,2020-06-05 17:10:48.295135,michelle_bergeron,osgg-bsgg,2021-10-09,D
2016.0,,,,,cta-otc,2021-10-13,D
2017.0,,,,,cta-otc,2021-10-13,D
2019.0,,,,,cta-otc,2021-10-13,D
,Q2,,,,fja-cmf,2021-10-13,D
,Q4,2020-05-29 01:21:17.750217,2020-05-29 01:21:17.750217,nelson55,fja-cmf,2021-10-13,D
,Q2,,,,ocol-clo,2021-10-13,D
2019.0,,2020-06-05 17:10:48.295135,2020-06-05 17:10:48.295135,michelle_bergeron,osgg-bsgg,2021-10-13,D
2020.0,,2020-06-05 17:10:48.295135,2020-06-05 17:10:48.295135,michelle_bergeron,osgg-bsgg,2021-10-13,D
2016.0,,,,,cta-otc,2021-10-15,D
2017.0,,,,,cta-otc,2021-10-15,D
2019.0,,,,,cta-otc,2021-10-15,D
,Q2,,,,fja-cmf,2021-10-15,D
,Q4,2020-05-29 01:21:17.750217,2020-05-29 01:21:17.750217,nelson55,fja-cmf,2021-10-15,D
,Q2,,,,ocol-clo,2021-10-15,D
2019.0,,2020-06-05 17:10:48.295135,2020-06-05 17:10:48.295135,michelle_bergeron,osgg-bsgg,2021-10-15,D
2020.0,,2020-06-05 17:10:48.295135,2020-06-05 17:10:48.295135,michelle_bergeron,osgg-bsgg,2021-10-15,D
2016.0,,,,,cta-otc,2021-10-20,D
2017.0,,,,,cta-otc,2021-10-20,D
2019.0,,,,,cta-otc,2021-10-20,D
,Q2,,,,fja-cmf,2021-10-20,D
,Q4,2020-05-29 01:21:17.750217,2020-05-29 01:21:17.750217,nelson55,fja-cmf,2021-10-20,D
,Q2,,,,ocol-clo,2021-10-20,D
2019.0,,2020-06-05 17:10:48.295135,2020-06-05 17:10:48.295135,michelle_bergeron,osgg-bsgg,2021-10-20,D
2020.0,,2020-06-05 17:10:48.295135,2020-06-05 17:10:48.295135,michelle_bergeron,osgg-bsgg,2021-10-20,D
2016.0,,,,,cta-otc,2021-10-21,D
2017.0,,,,,cta-otc,2021-10-21,D
2019.0,,,,,cta-otc,2021-10-21,D
,Q2,,,,fja-cmf,2021-10-21,D
,Q4,2020-05-29 01:21:17.750217,2020-05-29 01:21:17.750217,nelson55,fja-cmf,2021-10-21,D
,Q2,,,,ocol-clo,2021-10-21,D
2019.0,,2020-06-05 17:10:48.295135,2020-06-05 17:10:48.295135,michelle_bergeron,osgg-bsgg,2021-10-21,D
2020.0,,2020-06-05 17:10:48.295135,2020-06-05 17:10:48.295135,michelle_bergeron,osgg-bsgg,2021-10-21,D
2016.0,,,,,cta-otc,2021-10-22,D
2017.0,,,,,cta-otc,2021-10-22,D
2019.0,,,,,cta-otc,2021-10-22,D
,Q2,,,,fja-cmf,2021-10-22,D
,Q4,2020-05-29 01:21:17.750217,2020-05-29 01:21:17.750217,nelson55,fja-cmf,2021-10-22,D
,Q2,,,,ocol-clo,2021-10-22,D
2019.0,,2020-06-05 17:10:48.295135,2020-06-05 17:10:48.295135,michelle_bergeron,osgg-bsgg,2021-10-22,D
2020.0,,2020-06-05 17:10:48.295135,2020-06-05 17:10:48.295135,michelle_bergeron,osgg-bsgg,2021-10-22,D
2016.0,,,,,cta-otc,2021-10-26,D
2017.0,,,,,cta-otc,2021-10-26,D
2019.0,,,,,cta-otc,2021-10-26,D
,Q2,,,,fja-cmf,2021-10-26,D
,Q4,2020-05-29 01:21:17.750217,2020-05-29 01:21:17.750217,nelson55,fja-cmf,2021-10-26,D
,Q2,,,,ocol-clo,2021-10-26,D
2019.0,,2020-06-05 17:10:48.295135,2020-06-05 17:10:48.295135,michelle_bergeron,osgg-bsgg,2021-10-26,D
2020.0,,2020-06-05 17:10:48.295135,2020-06-05 17:10:48.295135,michelle_bergeron,osgg-bsgg,2021-10-26,D
2016.0,,,,,cta-otc,2021-10-27,D
2017.0,,,,,cta-otc,2021-10-27,D
2019.0,,,,,cta-otc,2021-10-27,D
,Q2,,,,fja-cmf,2021-10-27,D
,Q4,2020-05-29 01:21:17.750217,2020-05-29 01:21:17.750217,nelson55,fja-cmf,2021-10-27,D
,Q2,,,,ocol-clo,2021-10-27,D
2019.0,,2020-06-05 17:10:48.295135,2020-06-05 17:10:48.295135,michelle_bergeron,osgg-bsgg,2021-10-27,D
2020.0,,2020-06-05 17:10:48.295135,2020-06-05 17:10:48.295135,michelle_bergeron,osgg-bsgg,2021-10-27,D
2016.0,,,,,cta-otc,2021-10-28,D
2017.0,,,,,cta-otc,2021-10-28,D
2019.0,,,,,cta-otc,2021-10-28,D
,Q2,,,,fja-cmf,2021-10-28,D
,Q4,2020-05-29 01:21:17.750217,2020-05-29 01:21:17.750217,nelson55,fja-cmf,2021-10-28,D
,Q2,,,,ocol-clo,2021-10-28,D
2019.0,,2020-06-05 17:10:48.295135,2020-06-05 17:10:48.295135,michelle_bergeron,osgg-bsgg,2021-10-28,D
2020.0,,2020-06-05 17:10:48.295135,2020-06-05 17:10:48.295135,michelle_bergeron,osgg-bsgg,2021-10-28,D
,Q2,,,,fja-cmf,2021-10-29,D
,Q4,2020-05-29 01:21:17.750217,2020-05-29 01:21:17.750217,nelson55,fja-cmf,2021-10-29,D
,Q2,,,,ocol-clo,2021-10-29,D
2019.0,,2020-06-05 17:10:48.295135,2020-06-05 17:10:48.295135,michelle_bergeron,osgg-bsgg,2021-10-29,D
2020.0,,2020-06-05 17:10:48.295135,2020-06-05 17:10:48.295135,michelle_bergeron,osgg-bsgg,2021-10-29,D
,Q2,,,,fja-cmf,2021-10-30,D
,Q4,2020-05-29 01:21:17.750217,2020-05-29 01:21:17.750217,nelson55,fja-cmf,2021-10-30,D
,Q2,,,,ocol-clo,2021-10-30,D
2019.0,,2020-06-05 17:10:48.295135,2020-06-05 17:10:48.295135,michelle_bergeron,osgg-bsgg,2021-10-30,D
2020.0,,2020-06-05 17:10:48.295135,2020-06-05 17:10:48.295135,michelle_bergeron,osgg-bsgg,2021-10-30,D
,Q2,,,,fja-cmf,2021-11-09,D
,Q4,2020-05-29 01:21:17.750217,2020-05-29 01:21:17.750217,nelson55,fja-cmf,2021-11-09,D
,Q2,,,,ocol-clo,2021-11-09,D
2019.0,,2020-06-05 17:10:48.295135,2020-06-05 17:10:48.295135,michelle_bergeron,osgg-bsgg,2021-11-09,D
2020.0,,2020-06-05 17:10:48.295135,2020-06-05 17:10:48.295135,michelle_bergeron,osgg-bsgg,2021-11-09,D
,Q2,,,,fja-cmf,2021-11-23,D
,Q4,2020-05-29 01:21:17.750217,2020-05-29 01:21:17.750217,nelson55,fja-cmf,2021-11-23,D
,Q2,,,,ocol-clo,2021-11-23,D
2019.0,,2020-06-05 17:10:48.295135,2020-06-05 17:10:48.295135,michelle_bergeron,osgg-bsgg,2021-11-23,D
2020.0,,2020-06-05 17:10:48.295135,2020-06-05 17:10:48.295135,michelle_bergeron,osgg-bsgg,2021-11-23,D
,Q2,,,,fja-cmf,2021-12-22,D
,Q4,2020-05-29 01:21:17.750217,2020-05-29 01:21:17.750217,nelson55,fja-cmf,2021-12-22,D
,Q2,,,,ocol-clo,2021-12-22,D
2019.0,,2020-06-05 17:10:48.295135,2020-06-05 17:10:48.295135,michelle_bergeron,osgg-bsgg,2021-12-22,D
2020.0,,2020-06-05 17:10:48.295135,2020-06-05 17:10:48.295135,michelle_bergeron,osgg-bsgg,2021-12-22,D
2016.0,,,,,cta-otc,2021-01-05,D
2017.0,,,,,cta-otc,2021-01-05,D
2019.0,,,,,cta-otc,2021-01-05,D
,Q2,,,,fja-cmf,2021-01-05,D
,Q4,2020-05-29 01:21:17.750217,2020-05-29 01:21:17.750217,nelson55,fja-cmf,2021-01-05,D
,Q2,,,,ocol-clo,2021-01-05,D
2019.0,,2020-06-05 17:10:48.295135,2020-06-05 17:10:48.295135,michelle_bergeron,osgg-bsgg,2021-01-05,D
2020.0,,2020-06-05 17:10:48.295135,2020-06-05 17:10:48.295135,michelle_bergeron,osgg-bsgg,2021-01-05,D
2016.0,,,,,cta-otc,2021-01-06,D
2017.0,,,,,cta-otc,2021-01-06,D
2019.0,,,,,cta-otc,2021-01-06,D
,Q2,,,,fja-cmf,2021-01-06,D
,Q4,2020-05-29 01:21:17.750217,2020-05-29 01:21:17.750217,nelson55,fja-cmf,2021-01-06,D
2019.0,,2020-06-05 17:10:48.295135,2020-06-05 17:10:48.295135,michelle_bergeron,osgg-bsgg,2021-01-06,D
2020.0,,2020-06-05 17:10:48.295135,2020-06-05 17:10:48.295135,michelle_bergeron,osgg-bsgg,2021-01-06,D
2016.0,,,,,cta-otc,2021-01-07,D
2017.0,,,,,cta-otc,2021-01-07,D
2019.0,,,,,cta-otc,2021-01-07,D
,Q2,,,,fja-cmf,2021-01-07,D
,Q4,2020-05-29 01:21:17.750217,2020-05-29 01:21:17.750217,nelson55,fja-cmf,2021-01-07,D
,Q2,,,,ocol-clo,2021-01-07,D
2019.0,,2020-06-05 17:10:48.295135,2020-06-05 17:10:48.295135,michelle_bergeron,osgg-bsgg,2021-01-07,D
2020.0,,2020-06-05 17:10:48.295135,2020-06-05 17:10:48.295135,michelle_bergeron,osgg-bsgg,2021-01-07,D
2016.0,,,,,cta-otc,2021-01-12,D
2017.0,,,,,cta-otc,2021-01-12,D
2019.0,,,,,cta-otc,2021-01-12,D
,Q2,,,,fja-cmf,2021-01-12,D
,Q4,2020-05-29 01:21:17.750217,2020-05-29 01:21:17.750217,nelson55,fja-cmf,2021-01-12,D
,Q2,,,,ocol-clo,2021-01-12,D
2019.0,,2020-06-05 17:10:48.295135,2020-06-05 17:10:48.295135,michelle_bergeron,osgg-bsgg,2021-01-12,D
2020.0,,2020-06-05 17:10:48.295135,2020-06-05 17:10:48.295135,michelle_bergeron,osgg-bsgg,2021-01-12,D
2016.0,,,,,cta-otc,2021-01-15,D
2017.0,,,,,cta-otc,2021-01-15,D
2019.0,,,,,cta-otc,2021-01-15,D
,Q2,,,,fja-cmf,2021-01-15,D
,Q4,2020-05-29 01:21:17.750217,2020-05-29 01:21:17.750217,nelson55,fja-cmf,2021-01-15,D
,Q2,,,,ocol-clo,2021-01-15,D
2019.0,,2020-06-05 17:10:48.295135,2020-06-05 17:10:48.295135,michelle_bergeron,osgg-bsgg,2021-01-15,D
2020.0,,2020-06-05 17:10:48.295135,2020-06-05 17:10:48.295135,michelle_bergeron,osgg-bsgg,2021-01-15,D
2016.0,,,,,cta-otc,2021-01-19,D
2017.0,,,,,cta-otc,2021-01-19,D
2019.0,,,,,cta-otc,2021-01-19,D
,Q2,,,,fja-cmf,2021-01-19,D
,Q4,2020-05-29 01:21:17.750217,2020-05-29 01:21:17.750217,nelson55,fja-cmf,2021-01-19,D
,Q2,,,,ocol-clo,2021-01-19,D
2019.0,,2020-06-05 17:10:48.295135,2020-06-05 17:10:48.295135,michelle_bergeron,osgg-bsgg,2021-01-19,D
2020.0,,2020-06-05 17:10:48.295135,2020-06-05 17:10:48.295135,michelle_bergeron,osgg-bsgg,2021-01-19,D
2016.0,,,,,cta-otc,2021-01-21,D
2017.0,,,,,cta-otc,2021-01-21,D
2019.0,,,,,cta-otc,2021-01-21,D
,Q2,,,,fja-cmf,2021-01-21,D
,Q4,2020-05-29 01:21:17.750217,2020-05-29 01:21:17.750217,nelson55,fja-cmf,2021-01-21,D
,Q2,,,,ocol-clo,2021-01-21,D
2019.0,,2020-06-05 17:10:48.295135,2020-06-05 17:10:48.295135,michelle_bergeron,osgg-bsgg,2021-01-21,D
2020.0,,2020-06-05 17:10:48.295135,2020-06-05 17:10:48.295135,michelle_bergeron,osgg-bsgg,2021-01-21,D
2016.0,,,,,cta-otc,2021-01-26,D
2017.0,,,,,cta-otc,2021-01-26,D
2019.0,,,,,cta-otc,2021-01-26,D
,Q2,,,,fja-cmf,2021-01-26,D
,Q4,2020-05-29 01:21:17.750217,2020-05-29 01:21:17.750217,nelson55,fja-cmf,2021-01-26,D
,Q2,,,,ocol-clo,2021-01-26,D
2019.0,,2020-06-05 17:10:48.295135,2020-06-05 17:10:48.295135,michelle_bergeron,osgg-bsgg,2021-01-26,D
2020.0,,2020-06-05 17:10:48.295135,2020-06-05 17:10:48.295135,michelle_bergeron,osgg-bsgg,2021-01-26,D
2016.0,,,,,cta-otc,2021-01-27,D
2017.0,,,,,cta-otc,2021-01-27,D
2019.0,,,,,cta-otc,2021-01-27,D
,Q2,,,,fja-cmf,2021-01-27,D
,Q4,2020-05-29 01:21:17.750217,2020-05-29 01:21:17.750217,nelson55,fja-cmf,2021-01-27,D
,Q2,,,,ocol-clo,2021-01-27,D
2019.0,,2020-06-05 17:10:48.295135,2020-06-05 17:10:48.295135,michelle_bergeron,osgg-bsgg,2021-01-27,D
2020.0,,2020-06-05 17:10:48.295135,2020-06-05 17:10:48.295135,michelle_bergeron,osgg-bsgg,2021-01-27,D
2016.0,,,,,cta-otc,2021-01-28,D
2017.0,,,,,cta-otc,2021-01-28,D
2019.0,,,,,cta-otc,2021-01-28,D
,Q2,,,,fja-cmf,2021-01-28,D
,Q4,2020-05-29 01:21:17.750217,2020-05-29 01:21:17.750217,nelson55,fja-cmf,2021-01-28,D
,Q2,,,,ocol-clo,2021-01-28,D
2019.0,,2020-06-05 17:10:48.295135,2020-06-05 17:10:48.295135,michelle_bergeron,osgg-bsgg,2021-01-28,D
2020.0,,2020-06-05 17:10:48.295135,2020-06-05 17:10:48.295135,michelle_bergeron,osgg-bsgg,2021-01-28,D
2016.0,,,,,cta-otc,2021-01-30,D
2017.0,,,,,cta-otc,2021-01-30,D
2019.0,,,,,cta-otc,2021-01-30,D
,Q2,,,,fja-cmf,2021-01-30,D
,Q4,2020-05-29 01:21:17.750217,2020-05-29 01:21:17.750217,nelson55,fja-cmf,2021-01-30,D
,Q2,,,,ocol-clo,2021-01-30,D
2019.0,,2020-06-05 17:10:48.295135,2020-06-05 17:10:48.295135,michelle_bergeron,osgg-bsgg,2021-01-30,D
2020.0,,2020-06-05 17:10:48.295135,2020-06-05 17:10:48.295135,michelle_bergeron,osgg-bsgg,2021-01-30,D
2016.0,,,,,cta-otc,2021-02-06,D
2017.0,,,,,cta-otc,2021-02-06,D
2019.0,,,,,cta-otc,2021-02-06,D
,Q2,,,,fja-cmf,2021-02-06,D
,Q4,2020-05-29 01:21:17.750217,2020-05-29 01:21:17.750217,nelson55,fja-cmf,2021-02-06,D
,Q2,,,,ocol-clo,2021-02-06,D
2019.0,,2020-06-05 17:10:48.295135,2020-06-05 17:10:48.295135,michelle_bergeron,osgg-bsgg,2021-02-06,D
2020.0,,2020-06-05 17:10:48.295135,2020-06-05 17:10:48.295135,michelle_bergeron,osgg-bsgg,2021-02-06,D
2016.0,,,,,cta-otc,2021-02-23,D
2017.0,,,,,cta-otc,2021-02-23,D
2019.0,,,,,cta-otc,2021-02-23,D
,Q2,,,,fja-cmf,2021-02-23,D
,Q4,2020-05-29 01:21:17.750217,2020-05-29 01:21:17.750217,nelson55,fja-cmf,2021-02-23,D
,Q2,,,,ocol-clo,2021-02-23,D
2019.0,,2020-06-05 17:10:48.295135,2020-06-05 17:10:48.295135,michelle_bergeron,osgg-bsgg,2021-02-23,D
2020.0,,2020-06-05 17:10:48.295135,2020-06-05 17:10:48.295135,michelle_bergeron,osgg-bsgg,2021-02-23,D
,,2021-02-05 14:30:24.961972,2021-02-05 14:30:24.961972,hbedja,tbs-sct,2021-02-23,D
2016.0,,,,,cta-otc,2021-03-25,D
2017.0,,,,,cta-otc,2021-03-25,D
2019.0,,,,,cta-otc,2021-03-25,D
,Q2,,,,fja-cmf,2021-03-25,D
,Q4,2020-05-29 01:21:17.750217,2020-05-29 01:21:17.750217,nelson55,fja-cmf,2021-03-25,D
,Q2,,,,ocol-clo,2021-03-25,D
2019.0,,2020-06-05 17:10:48.295135,2020-06-05 17:10:48.295135,michelle_bergeron,osgg-bsgg,2021-03-25,D
2020.0,,2020-06-05 17:10:48.295135,2020-06-05 17:10:48.295135,michelle_bergeron,osgg-bsgg,2021-03-25,D
,,2021-02-05 14:30:24.961972,2021-02-05 14:30:24.961972,hbedja,tbs-sct,2021-03-25,D
2016.0,,,,,cta-otc,2021-03-26,D
2017.0,,,,,cta-otc,2021-03-26,D
2019.0,,,,,cta-otc,2021-03-26,D
,Q2,,,,fja-cmf,2021-03-26,D
,Q4,2020-05-29 01:21:17.750217,2020-05-29 01:21:17.750217,nelson55,fja-cmf,2021-03-26,D
2021.0,Q4,2021-03-24 19:05:39.357387,2021-03-24 19:05:39.357387,mpcc-cppm,mpcc-cppm,2021-03-26,D
,Q2,,,,ocol-clo,2021-03-26,D
2019.0,,2020-06-05 17:10:48.295135,2020-06-05 17:10:48.295135,michelle_bergeron,osgg-bsgg,2021-03-26,D
2020.0,,2020-06-05 17:10:48.295135,2020-06-05 17:10:48.295135,michelle_bergeron,osgg-bsgg,2021-03-26,D
,,2021-02-05 14:30:24.961972,2021-02-05 14:30:24.961972,hbedja,tbs-sct,2021-03-26,D
2016.0,,,,,cta-otc,2020-09-04,D
2017.0,,,,,cta-otc,2020-09-04,D
2019.0,,,,,cta-otc,2020-09-04,D
,Q2,,,,fja-cmf,2020-09-04,D
,Q4,2020-05-29 01:21:17.750217,2020-05-29 01:21:17.750217,nelson55,fja-cmf,2020-09-04,D
2020.0,Q2,2020-07-30 13:28:09.124679,2020-07-30 13:28:09.124679,katielebrun,iaac-aeic,2020-09-04,D
,Q2,,,,ocol-clo,2020-09-04,D
2019.0,,2020-06-05 17:10:48.295135,2020-06-05 17:10:48.295135,michelle_bergeron,osgg-bsgg,2020-09-04,D
2020.0,,2020-06-05 17:10:48.295135,2020-06-05 17:10:48.295135,michelle_bergeron,osgg-bsgg,2020-09-04,D
2016.0,,,,,cta-otc,2020-10-06,D
2017.0,,,,,cta-otc,2020-10-06,D
2019.0,,,,,cta-otc,2020-10-06,D
,Q2,,,,fja-cmf,2020-10-06,D
,Q4,2020-05-29 01:21:17.750217,2020-05-29 01:21:17.750217,nelson55,fja-cmf,2020-10-06,D
,Q2,,,,ocol-clo,2020-10-06,D
2019.0,,2020-06-05 17:10:48.295135,2020-06-05 17:10:48.295135,michelle_bergeron,osgg-bsgg,2020-10-06,D
2020.0,,2020-06-05 17:10:48.295135,2020-06-05 17:10:48.295135,michelle_bergeron,osgg-bsgg,2020-10-06,D
2016.0,,,,,cta-otc,2020-10-07,D
2017.0,,,,,cta-otc,2020-10-07,D
2019.0,,,,,cta-otc,2020-10-07,D
,Q2,,,,fja-cmf,2020-10-07,D
,Q4,2020-05-29 01:21:17.750217,2020-05-29 01:21:17.750217,nelson55,fja-cmf,2020-10-07,D
,Q2,,,,ocol-clo,2020-10-07,D
2019.0,,2020-06-05 17:10:48.295135,2020-06-05 17:10:48.295135,michelle_bergeron,osgg-bsgg,2020-10-07,D
2020.0,,2020-06-05 17:10:48.295135,2020-06-05 17:10:48.295135,michelle_bergeron,osgg-bsgg,2020-10-07,D
2016.0,,,,,cta-otc,2020-10-10,D
2017.0,,,,,cta-otc,2020-10-10,D
2019.0,,,,,cta-otc,2020-10-10,D
,Q2,,,,fja-cmf,2020-10-10,D
,Q4,2020-05-29 01:21:17.750217,2020-05-29 01:21:17.750217,nelson55,fja-cmf,2020-10-10,D
,Q2,,,,ocol-clo,2020-10-10,D
2019.0,,2020-06-05 17:10:48.295135,2020-06-05 17:10:48.295135,michelle_bergeron,osgg-bsgg,2020-10-10,D
2020.0,,2020-06-05 17:10:48.295135,2020-06-05 17:10:48.295135,michelle_bergeron,osgg-bsgg,2020-10-10,D
2016.0,,,,,cta-otc,2020-10-14,D
2017.0,,,,,cta-otc,2020-10-14,D
2019.0,,,,,cta-otc,2020-10-14,D
,Q2,,,,fja-cmf,2020-10-14,D
,Q4,2020-05-29 01:21:17.750217,2020-05-29 01:21:17.750217,nelson55,fja-cmf,2020-10-14,D
,Q2,,,,ocol-clo,2020-10-14,D
2019.0,,2020-06-05 17:10:48.295135,2020-06-05 17:10:48.295135,michelle_bergeron,osgg-bsgg,2020-10-14,D
2020.0,,2020-06-05 17:10:48.295135,2020-06-05 17:10:48.295135,michelle_bergeron,osgg-bsgg,2020-10-14,D
2016.0,,,,,cta-otc,2020-10-15,D
2017.0,,,,,cta-otc,2020-10-15,D
2019.0,,,,,cta-otc,2020-10-15,D
,Q2,,,,fja-cmf,2020-10-15,D
,Q4,2020-05-29 01:21:17.750217,2020-05-29 01:21:17.750217,nelson55,fja-cmf,2020-10-15,D
,Q2,,,,ocol-clo,2020-10-15,D
2019.0,,2020-06-05 17:10:48.295135,2020-06-05 17:10:48.295135,michelle_bergeron,osgg-bsgg,2020-10-15,D
2020.0,,2020-06-05 17:10:48.295135,2020-06-05 17:10:48.295135,michelle_bergeron,osgg-bsgg,2020-10-15,D
2016.0,,,,,cta-otc,2020-10-20,D
2017.0,,,,,cta-otc,2020-10-20,D
2019.0,,,,,cta-otc,2020-10-20,D
,Q2,,,,fja-cmf,2020-10-20,D
,Q4,2020-05-29 01:21:17.750217,2020-05-29 01:21:17.750217,nelson55,fja-cmf,2020-10-20,D
,Q2,,,,ocol-clo,2020-10-20,D
2019.0,,2020-06-05 17:10:48.295135,2020-06-05 17:10:48.295135,michelle_bergeron,osgg-bsgg,2020-10-20,D
2020.0,,2020-06-05 17:10:48.295135,2020-06-05 17:10:48.295135,michelle_bergeron,osgg-bsgg,2020-10-20,D
2016.0,,,,,cta-otc,2020-10-24,D
2017.0,,,,,cta-otc,2020-10-24,D
2019.0,,,,,cta-otc,2020-10-24,D
,Q2,,,,fja-cmf,2020-10-24,D
,Q4,2020-05-29 01:21:17.750217,2020-05-29 01:21:17.750217,nelson55,fja-cmf,2020-10-24,D
,Q2,,,,ocol-clo,2020-10-24,D
2019.0,,2020-06-05 17:10:48.295135,2020-06-05 17:10:48.295135,michelle_bergeron,osgg-bsgg,2020-10-24,D
2020.0,,2020-06-05 17:10:48.295135,2020-06-05 17:10:48.295135,michelle_bergeron,osgg-bsgg,2020-10-24,D
2016.0,,,,,cta-otc,2020-10-27,D
2017.0,,,,,cta-otc,2020-10-27,D
2019.0,,,,,cta-otc,2020-10-27,D
,Q2,,,,fja-cmf,2020-10-27,D
,Q4,2020-05-29 01:21:17.750217,2020-05-29 01:21:17.750217,nelson55,fja-cmf,2020-10-27,D
,Q2,,,,ocol-clo,2020-10-27,D
2019.0,,2020-06-05 17:10:48.295135,2020-06-05 17:10:48.295135,michelle_bergeron,osgg-bsgg,2020-10-27,D
2020.0,,2020-06-05 17:10:48.295135,2020-06-05 17:10:48.295135,michelle_bergeron,osgg-bsgg,2020-10-27,D
2016.0,,,,,cta-otc,2020-10-29,D
2017.0,,,,,cta-otc,2020-10-29,D
2019.0,,,,,cta-otc,2020-10-29,D
,Q2,,,,fja-cmf,2020-10-29,D
,Q4,2020-05-29 01:21:17.750217,2020-05-29 01:21:17.750217,nelson55,fja-cmf,2020-10-29,D
,Q2,,,,ocol-clo,2020-10-29,D
2019.0,,2020-06-05 17:10:48.295135,2020-06-05 17:10:48.295135,michelle_bergeron,osgg-bsgg,2020-10-29,D
2020.0,,2020-06-05 17:10:48.295135,2020-06-05 17:10:48.295135,michelle_bergeron,osgg-bsgg,2020-10-29,D
2016.0,,,,,cta-otc,2020-10-30,D
2017.0,,,,,cta-otc,2020-10-30,D
2019.0,,,,,cta-otc,2020-10-30,D
,Q2,,,,fja-cmf,2020-10-30,D
,Q4,2020-05-29 01:21:17.750217,2020-05-29 01:21:17.750217,nelson55,fja-cmf,2020-10-30,D
,Q2,,,,ocol-clo,2020-10-30,D
2019.0,,2020-06-05 17:10:48.295135,2020-06-05 17:10:48.295135,michelle_bergeron,osgg-bsgg,2020-10-30,D
2020.0,,2020-06-05 17:10:48.295135,2020-06-05 17:10:48.295135,michelle_bergeron,osgg-bsgg,2020-10-30,D
2016.0,,,,,cta-otc,2020-10-31,D
2017.0,,,,,cta-otc,2020-10-31,D
2019.0,,,,,cta-otc,2020-10-31,D
,Q2,,,,fja-cmf,2020-10-31,D
2020.0,Q3,2020-05-29 01:21:17.750217,2020-05-29 01:21:17.750217,nelson55,fja-cmf,2020-10-31,D
,Q4,2020-05-29 01:21:17.750217,2020-05-29 01:21:17.750217,nelson55,fja-cmf,2020-10-31,D
,Q2,,,,ocol-clo,2020-10-31,D
2019.0,,2020-06-05 17:10:48.295135,2020-06-05 17:10:48.295135,michelle_bergeron,osgg-bsgg,2020-10-31,D
2020.0,,2020-06-05 17:10:48.295135,2020-06-05 17:10:48.295135,michelle_bergeron,osgg-bsgg,2020-10-31,D
2016.0,,,,,cta-otc,2020-11-01,D
2017.0,,,,,cta-otc,2020-11-01,D
2019.0,,,,,cta-otc,2020-11-01,D
,Q2,,,,fja-cmf,2020-11-01,D
,Q4,2020-05-29 01:21:17.750217,2020-05-29 01:21:17.750217,nelson55,fja-cmf,2020-11-01,D
,Q2,,,,ocol-clo,2020-11-01,D
2019.0,,2020-06-05 17:10:48.295135,2020-06-05 17:10:48.295135,michelle_bergeron,osgg-bsgg,2020-11-01,D
2020.0,,2020-06-05 17:10:48.295135,2020-06-05 17:10:48.295135,michelle_bergeron,osgg-bsgg,2020-11-01,D
2016.0,,,,,cta-otc,2020-11-03,D
2017.0,,,,,cta-otc,2020-11-03,D
2019.0,,,,,cta-otc,2020-11-03,D
,Q2,,,,fja-cmf,2020-11-03,D
,Q4,2020-05-29 01:21:17.750217,2020-05-29 01:21:17.750217,nelson55,fja-cmf,2020-11-03,D
,Q2,,,,ocol-clo,2020-11-03,D
2019.0,,2020-06-05 17:10:48.295135,2020-06-05 17:10:48.295135,michelle_bergeron,osgg-bsgg,2020-11-03,D
2020.0,,2020-06-05 17:10:48.295135,2020-06-05 17:10:48.295135,michelle_bergeron,osgg-bsgg,2020-11-03,D
,Q2,,,,fja-cmf,2020-11-05,D
2016.0,,,,,cta-otc,2020-11-05,D
2017.0,,,,,cta-otc,2020-11-05,D
2019.0,,,,,cta-otc,2020-11-05,D
,Q4,2020-05-29 01:21:17.750217,2020-05-29 01:21:17.750217,nelson55,fja-cmf,2020-11-05,D
,Q2,,,,ocol-clo,2020-11-05,D
2019.0,,2020-06-05 17:10:48.295135,2020-06-05 17:10:48.295135,michelle_bergeron,osgg-bsgg,2020-11-05,D
2020.0,,2020-06-05 17:10:48.295135,2020-06-05 17:10:48.295135,michelle_bergeron,osgg-bsgg,2020-11-05,D
,Q2,,,,fja-cmf,2020-11-10,D
2016.0,,,,,cta-otc,2020-11-10,D
2017.0,,,,,cta-otc,2020-11-10,D
2019.0,,,,,cta-otc,2020-11-10,D
,Q4,2020-05-29 01:21:17.750217,2020-05-29 01:21:17.750217,nelson55,fja-cmf,2020-11-10,D
,Q2,,,,ocol-clo,2020-11-10,D
2019.0,,2020-06-05 17:10:48.295135,2020-06-05 17:10:48.295135,michelle_bergeron,osgg-bsgg,2020-11-10,D
2020.0,,2020-06-05 17:10:48.295135,2020-06-05 17:10:48.295135,michelle_bergeron,osgg-bsgg,2020-11-10,D
,Q2,,,,fja-cmf,2022-09-15,D
,Q4,2020-05-29 01:21:17.750217,2020-05-29 01:21:17.750217,nelson55,fja-cmf,2022-09-15,D
,Q2,,,,ocol-clo,2022-09-15,D
2019.0,,2020-06-05 17:10:48.295135,2020-06-05 17:10:48.295135,michelle_bergeron,osgg-bsgg,2022-09-15,D
2020.0,,2020-06-05 17:10:48.295135,2020-06-05 17:10:48.295135,michelle_bergeron,osgg-bsgg,2022-09-15,D
,Q2,,,,fja-cmf,2022-10-07,D
,Q4,2020-05-29 01:21:17.750217,2020-05-29 01:21:17.750217,nelson55,fja-cmf,2022-10-07,D
,Q2,,,,ocol-clo,2022-10-07,D
2019.0,,2020-06-05 17:10:48.295135,2020-06-05 17:10:48.295135,michelle_bergeron,osgg-bsgg,2022-10-07,D
2020.0,,2020-06-05 17:10:48.295135,2020-06-05 17:10:48.295135,michelle_bergeron,osgg-bsgg,2022-10-07,D
2022.0,Q4,2022-05-03 14:44:51.636359,2022-05-03 14:44:51.636359,fstlouis,psc-cfp,2022-10-07,D
,Q2,,,,fja-cmf,2022-10-08,D
,Q4,2020-05-29 01:21:17.750217,2020-05-29 01:21:17.750217,nelson55,fja-cmf,2022-10-08,D
,Q2,,,,ocol-clo,2022-10-08,D
2019.0,,2020-06-05 17:10:48.295135,2020-06-05 17:10:48.295135,michelle_bergeron,osgg-bsgg,2022-10-08,D
2020.0,,2020-06-05 17:10:48.295135,2020-06-05 17:10:48.295135,michelle_bergeron,osgg-bsgg,2022-10-08,D
2022.0,Q4,2022-07-07 16:22:18.179989,2022-07-07 16:22:18.179989,rzbib,ssc-spc,2022-10-08,D
,Q2,,,,fja-cmf,2022-10-12,D
,Q4,2020-05-29 01:21:17.750217,2020-05-29 01:21:17.750217,nelson55,fja-cmf,2022-10-12,D
,Q2,,,,ocol-clo,2022-10-12,D
2019.0,,2020-06-05 17:10:48.295135,2020-06-05 17:10:48.295135,michelle_bergeron,osgg-bsgg,2022-10-12,D
2020.0,,2020-06-05 17:10:48.295135,2020-06-05 17:10:48.295135,michelle_bergeron,osgg-bsgg,2022-10-12,D
,Q2,,,,fja-cmf,2022-10-14,D
,Q4,2020-05-29 01:21:17.750217,2020-05-29 01:21:17.750217,nelson55,fja-cmf,2022-10-14,D
,Q2,,,,ocol-clo,2022-10-14,D
2019.0,,2020-06-05 17:10:48.295135,2020-06-05 17:10:48.295135,michelle_bergeron,osgg-bsgg,2022-10-14,D
2020.0,,2020-06-05 17:10:48.295135,2020-06-05 17:10:48.295135,michelle_bergeron,osgg-bsgg,2022-10-14,D
,Q2,,,,fja-cmf,2022-10-21,D
,Q4,2020-05-29 01:21:17.750217,2020-05-29 01:21:17.750217,nelson55,fja-cmf,2022-10-21,D
,Q2,,,,ocol-clo,2022-10-21,D
2019.0,,2020-06-05 17:10:48.295135,2020-06-05 17:10:48.295135,michelle_bergeron,osgg-bsgg,2022-10-21,D
2020.0,,2020-06-05 17:10:48.295135,2020-06-05 17:10:48.295135,michelle_bergeron,osgg-bsgg,2022-10-21,D
,Q2,,,,fja-cmf,2022-10-25,D
,Q4,2020-05-29 01:21:17.750217,2020-05-29 01:21:17.750217,nelson55,fja-cmf,2022-10-25,D
,Q2,,,,ocol-clo,2022-10-25,D
2019.0,,2020-06-05 17:10:48.295135,2020-06-05 17:10:48.295135,michelle_bergeron,osgg-bsgg,2022-10-25,D
2020.0,,2020-06-05 17:10:48.295135,2020-06-05 17:10:48.295135,michelle_bergeron,osgg-bsgg,2022-10-25,D
,Q2,,,,fja-cmf,2022-10-27,D
,Q4,2020-05-29 01:21:17.750217,2020-05-29 01:21:17.750217,nelson55,fja-cmf,2022-10-27,D
,Q2,,,,ocol-clo,2022-10-27,D
2019.0,,2020-06-05 17:10:48.295135,2020-06-05 17:10:48.295135,michelle_bergeron,osgg-bsgg,2022-10-27,D
2020.0,,2020-06-05 17:10:48.295135,2020-06-05 17:10:48.295135,michelle_bergeron,osgg-bsgg,2022-10-27,D
,Q2,,,,fja-cmf,2022-10-29,D
,Q4,2020-05-29 01:21:17.750217,2020-05-29 01:21:17.750217,nelson55,fja-cmf,2022-10-29,D
,Q2,,,,ocol-clo,2022-10-29,D
2019.0,,2020-06-05 17:10:48.295135,2020-06-05 17:10:48.295135,michelle_bergeron,osgg-bsgg,2022-10-29,D
2020.0,,2020-06-05 17:10:48.295135,2020-06-05 17:10:48.295135,michelle_bergeron,osgg-bsgg,2022-10-29,D
,Q2,,,,fja-cmf,2022-11-01,D
,Q4,2020-05-29 01:21:17.750217,2020-05-29 01:21:17.750217,nelson55,fja-cmf,2022-11-01,D
,Q2,,,,ocol-clo,2022-11-01,D
2019.0,,2020-06-05 17:10:48.295135,2020-06-05 17:10:48.295135,michelle_bergeron,osgg-bsgg,2022-11-01,D
2020.0,,2020-06-05 17:10:48.295135,2020-06-05 17:10:48.295135,michelle_bergeron,osgg-bsgg,2022-11-01,D
,Q2,,,,fja-cmf,2023-01-19,D
,Q4,2020-05-29 01:21:17.750217,2020-05-29 01:21:17.750217,nelson55,fja-cmf,2023-01-19,D
,Q2,,,,ocol-clo,2023-01-19,D
2019.0,,2020-06-05 17:10:48.295135,2020-06-05 17:10:48.295135,michelle_bergeron,osgg-bsgg,2023-01-19,D
2020.0,,2020-06-05 17:10:48.295135,2020-06-05 17:10:48.295135,michelle_bergeron,osgg-bsgg,2023-01-19,D
,Q2,,,,fja-cmf,2023-01-24,D
,Q4,2020-05-29 01:21:17.750217,2020-05-29 01:21:17.750217,nelson55,fja-cmf,2023-01-24,D
,Q2,,,,ocol-clo,2023-01-24,D
2019.0,,2020-06-05 17:10:48.295135,2020-06-05 17:10:48.295135,michelle_bergeron,osgg-bsgg,2023-01-24,D
2020.0,,2020-06-05 17:10:48.295135,2020-06-05 17:10:48.295135,michelle_bergeron,osgg-bsgg,2023-01-24,D
,Q2,,,,fja-cmf,2023-01-25,D
,Q4,2020-05-29 01:21:17.750217,2020-05-29 01:21:17.750217,nelson55,fja-cmf,2023-01-25,D
,Q2,,,,ocol-clo,2023-01-25,D
2019.0,,2020-06-05 17:10:48.295135,2020-06-05 17:10:48.295135,michelle_bergeron,osgg-bsgg,2023-01-25,D
2020.0,,2020-06-05 17:10:48.295135,2020-06-05 17:10:48.295135,michelle_bergeron,osgg-bsgg,2023-01-25,D
,Q2,,,,fja-cmf,2023-01-27,D
,Q4,2020-05-29 01:21:17.750217,2020-05-29 01:21:17.750217,nelson55,fja-cmf,2023-01-27,D
,Q2,,,,ocol-clo,2023-01-27,D
2019.0,,2020-06-05 17:10:48.295135,2020-06-05 17:10:48.295135,michelle_bergeron,osgg-bsgg,2023-01-27,D
2020.0,,2020-06-05 17:10:48.295135,2020-06-05 17:10:48.295135,michelle_bergeron,osgg-bsgg,2023-01-27,D
,Q2,,,,fja-cmf,2023-01-31,D
,Q4,2020-05-29 01:21:17.750217,2020-05-29 01:21:17.750217,nelson55,fja-cmf,2023-01-31,D
,Q2,,,,ocol-clo,2023-01-31,D
2019.0,,2020-06-05 17:10:48.295135,2020-06-05 17:10:48.295135,michelle_bergeron,osgg-bsgg,2023-01-31,D
2020.0,,2020-06-05 17:10:48.295135,2020-06-05 17:10:48.295135,michelle_bergeron,osgg-bsgg,2023-01-31,D
,Q2,,,,fja-cmf,2023-02-01,D
,Q4,2020-05-29 01:21:17.750217,2020-05-29 01:21:17.750217,nelson55,fja-cmf,2023-02-01,D
,Q2,,,,ocol-clo,2023-02-01,D
2019.0,,2020-06-05 17:10:48.295135,2020-06-05 17:10:48.295135,michelle_bergeron,osgg-bsgg,2023-02-01,D
2020.0,,2020-06-05 17:10:48.295135,2020-06-05 17:10:48.295135,michelle_bergeron,osgg-bsgg,2023-02-01,D
,Q2,,,,fja-cmf,2023-02-09,D
,Q4,2020-05-29 01:21:17.750217,2020-05-29 01:21:17.750217,nelson55,fja-cmf,2023-02-09,D
,Q2,,,,ocol-clo,2023-02-09,D
2019.0,,2020-06-05 17:10:48.295135,2020-06-05 17:10:48.295135,michelle_bergeron,osgg-bsgg,2023-02-09,D
2020.0,,2020-06-05 17:10:48.295135,2020-06-05 17:10:48.295135,michelle_bergeron,osgg-bsgg,2023-02-09,D
2023.0,Q3,2023-02-20T16:19:10,2023-02-20T16:19:10,ngrecco,pco-bcp,2023-09-21,D
2021.0,Q3,2022-02-21T13:05:20,2022-02-21T13:05:20,jshunter,csa-asc,2024-03-06,D
2024.0,Q4,2024-04-08T13:12:04,2024-04-08T13:12:04,crccweb,cpc-cpp,2024-07-09,D
2024.0,Q2,2024-07-18T20:41:08,2024-07-18T20:41:08,allakariallakk,prairiescan,2024-07-23,D
2024.0,Q4,2024-04-15T13:15:54,2024-04-15T13:15:54,cguay,oic-ci,2024-10-08,D
2017.0,Q1,2023-04-25T16:09:37,2023-04-25T16:09:37,rc-reg,fpcc-cpac,2025-06-04,D
2018.0,Q1,2023-04-25T16:09:37,2023-04-25T16:09:37,rc-reg,fpcc-cpac,2025-06-05,D
2019.0,Q2,2023-04-25T16:09:37,2023-04-25T16:09:37,rc-reg,fpcc-cpac,2025-06-05,D
2025.0,Q4,2025-05-28T12:22:33,2025-05-28T12:22:33,cguay,oic-ci,2025-07-05,D
2025.0,Q4,2025-04-30T13:47:40,2025-04-30T13:47:40,mabelm,cwa-aec,2025-10-29,D
2025.0,Q4,2025-04-15T13:41:06,2025-04-15T13:41:06,crccweb,cpc-cpp,2026-01-20,D
